Unique_Id,Id,ActivityDate,DayOfWeek,TotalSteps,TotalDistance,VeryActiveDistance,ModeratelyActiveDistance,LightActiveDistance,SedentaryActiveDistance,VeryActiveMinutes,FairlyActiveMinutes,LightlyActiveMinutes,SedentaryMinutes,TotalMinutesWorn,Calories,TotalSleepRecords,TotalMinutesAsleep,TotalTimeInBed
15039603664/12/2016,1503960366,4/12/2016,Tue,"13,162",8.50,1.88,0.55,6.06,0.00,25,13,328,728,1094,"1,985",1,327,346
15039603664/13/2016,1503960366,4/13/2016,Wed,"10,735",6.97,1.57,0.69,4.71,0.00,21,19,217,776,1033,"1,797",2,384,407
15039603664/14/2016,1503960366,4/14/2016,Thu,"10,460",6.74,2.44,0.40,3.91,0.00,30,11,181,1218,1440,"1,776",0,0,0
15039603664/15/2016,1503960366,4/15/2016,Fri,"9,762",6.28,2.14,1.26,2.83,0.00,29,34,209,726,998,"1,745",1,412,442
15039603664/16/2016,1503960366,4/16/2016,Sat,"12,669",8.16,2.71,0.41,5.04,0.00,36,10,221,773,1040,"1,863",2,340,367
15039603664/17/2016,1503960366,4/17/2016,Sun,"9,705",6.48,3.19,0.78,2.51,0.00,38,20,164,539,761,"1,728",1,700,712
15039603664/18/2016,1503960366,4/18/2016,Mon,"13,019",8.59,3.25,0.64,4.71,0.00,42,16,233,1149,1440,"1,921",0,0,0
15039603664/19/2016,1503960366,4/19/2016,Tue,"15,506",9.88,3.53,1.32,5.03,0.00,50,31,264,775,1120,"2,035",1,304,320
15039603664/20/2016,1503960366,4/20/2016,Wed,"10,544",6.68,1.96,0.48,4.24,0.00,28,12,205,818,1063,"1,786",1,360,377
15039603664/21/2016,1503960366,4/21/2016,Thu,"9,819",6.34,1.34,0.35,4.65,0.00,19,8,211,838,1076,"1,775",1,325,364
15039603664/22/2016,1503960366,4/22/2016,Fri,"12,764",8.13,4.76,1.12,2.24,0.00,66,27,130,1217,1440,"1,827",0,0,0
15039603664/23/2016,1503960366,4/23/2016,Sat,"14,371",9.04,2.81,0.87,5.36,0.00,41,21,262,732,1056,"1,949",1,361,384
15039603664/24/2016,1503960366,4/24/2016,Sun,"10,039",6.41,2.92,0.21,3.28,0.00,39,5,238,709,991,"1,788",1,430,449
15039603664/25/2016,1503960366,4/25/2016,Mon,"15,355",9.80,5.29,0.57,3.94,0.00,73,14,216,814,1117,"2,013",1,277,323
15039603664/26/2016,1503960366,4/26/2016,Tue,"13,755",8.79,2.33,0.92,5.54,0.00,31,23,279,833,1166,"1,970",1,245,274
15039603664/27/2016,1503960366,4/27/2016,Wed,"18,134",12.21,6.40,0.41,5.41,0.00,78,11,243,1108,1440,"2,159",0,0,0
15039603664/28/2016,1503960366,4/28/2016,Thu,"13,154",8.53,3.54,1.16,3.79,0.00,48,28,189,782,1047,"1,898",1,366,393
15039603664/29/2016,1503960366,4/29/2016,Fri,"11,181",7.15,1.06,0.50,5.58,0.00,16,12,243,815,1086,"1,837",1,341,354
15039603664/30/2016,1503960366,4/30/2016,Sat,"14,673",9.25,3.56,1.42,4.27,0.00,52,34,217,712,1015,"1,947",1,404,425
15039603665/1/2016,1503960366,5/1/2016,Sun,"10,602",6.81,2.29,1.60,2.92,0.00,33,35,246,730,1044,"1,820",1,369,396
15039603665/2/2016,1503960366,5/2/2016,Mon,"14,727",9.71,3.21,0.57,5.92,0.00,41,15,277,798,1131,"2,004",1,277,309
15039603665/3/2016,1503960366,5/3/2016,Tue,"15,103",9.66,3.73,1.05,4.88,0.00,50,24,254,816,1144,"1,990",1,273,296
15039603665/4/2016,1503960366,5/4/2016,Wed,"11,100",7.15,2.46,0.87,3.82,0.00,36,22,203,1179,1440,"1,819",0,0,0
15039603665/5/2016,1503960366,5/5/2016,Thu,"14,070",8.90,2.92,1.08,4.88,0.00,45,24,250,857,1176,"1,959",1,247,264
15039603665/6/2016,1503960366,5/6/2016,Fri,"12,159",8.03,1.97,0.25,5.81,0.00,24,6,289,754,1073,"1,896",1,334,367
15039603665/7/2016,1503960366,5/7/2016,Sat,"11,992",7.71,2.46,2.12,3.13,0.00,37,46,175,833,1091,"1,821",1,331,349
15039603665/8/2016,1503960366,5/8/2016,Sun,"10,060",6.58,3.53,0.32,2.73,0.00,44,8,203,574,829,"1,740",1,594,611
15039603665/9/2016,1503960366,5/9/2016,Mon,"12,022",7.72,3.45,0.53,3.74,0.00,46,11,206,835,1098,"1,819",1,338,342
15039603665/10/2016,1503960366,5/10/2016,Tue,"12,207",7.77,3.35,1.16,3.26,0.00,46,31,214,746,1037,"1,859",1,383,403
15039603665/11/2016,1503960366,5/11/2016,Wed,"12,770",8.13,2.56,1.01,4.55,0.00,36,23,251,669,979,"1,783",1,285,306
16245800814/12/2016,1624580081,4/12/2016,Tue,"8,163",5.31,0.00,0.00,5.31,0.00,0,0,146,1294,1440,"1,432",0,0,0
16245800814/13/2016,1624580081,4/13/2016,Wed,"7,007",4.55,0.00,0.00,4.55,0.00,0,0,148,1292,1440,"1,411",0,0,0
16245800814/14/2016,1624580081,4/14/2016,Thu,"9,107",5.92,0.00,0.00,5.91,0.01,0,0,236,1204,1440,"1,572",0,0,0
16245800814/15/2016,1624580081,4/15/2016,Fri,"1,510",0.98,0.00,0.00,0.97,0.00,0,0,96,1344,1440,"1,344",0,0,0
16245800814/16/2016,1624580081,4/16/2016,Sat,"5,370",3.49,0.00,0.00,3.49,0.00,0,0,176,1264,1440,"1,463",0,0,0
16245800814/17/2016,1624580081,4/17/2016,Sun,"6,175",4.06,1.03,1.52,1.49,0.01,15,22,127,1276,1440,"1,554",0,0,0
16245800814/18/2016,1624580081,4/18/2016,Mon,"10,536",7.41,2.15,0.62,4.62,0.01,17,7,202,1214,1440,"1,604",0,0,0
16245800814/19/2016,1624580081,4/19/2016,Tue,"2,916",1.90,0.00,0.00,1.90,0.00,0,0,141,1299,1440,"1,435",0,0,0
16245800814/20/2016,1624580081,4/20/2016,Wed,"4,974",3.23,0.00,0.00,3.23,0.00,0,0,151,1289,1440,"1,446",0,0,0
16245800814/21/2016,1624580081,4/21/2016,Thu,"6,349",4.13,0.00,0.00,4.11,0.02,0,0,186,1254,1440,"1,467",0,0,0
16245800814/22/2016,1624580081,4/22/2016,Fri,"4,026",2.62,0.00,0.00,2.60,0.00,0,0,199,1241,1440,"1,470",0,0,0
16245800814/23/2016,1624580081,4/23/2016,Sat,"8,538",5.55,0.00,0.00,5.54,0.01,0,0,227,1213,1440,"1,562",0,0,0
16245800814/24/2016,1624580081,4/24/2016,Sun,"6,076",3.95,1.15,0.91,1.89,0.00,16,18,185,1221,1440,"1,617",0,0,0
16245800814/25/2016,1624580081,4/25/2016,Mon,"6,497",4.22,0.00,0.00,4.20,0.02,0,0,202,1238,1440,"1,492",0,0,0
16245800814/26/2016,1624580081,4/26/2016,Tue,"2,826",1.84,0.00,0.00,1.83,0.01,0,0,140,1300,1440,"1,402",0,0,0
16245800814/27/2016,1624580081,4/27/2016,Wed,"8,367",5.44,1.11,1.87,2.46,0.00,17,36,154,1233,1440,"1,670",0,0,0
16245800814/28/2016,1624580081,4/28/2016,Thu,"2,759",1.79,0.00,0.20,1.60,0.00,0,5,115,1320,1440,"1,401",0,0,0
16245800814/29/2016,1624580081,4/29/2016,Fri,"2,390",1.55,0.00,0.00,1.55,0.00,0,0,150,1290,1440,"1,404",0,0,0
16245800814/30/2016,1624580081,4/30/2016,Sat,"6,474",4.30,0.90,1.28,2.12,0.01,11,23,224,1182,1440,"1,655",0,0,0
16245800815/1/2016,1624580081,5/1/2016,Sun,"36,019",28.03,21.92,4.19,1.91,0.02,186,63,171,1020,1440,"2,690",0,0,0
16245800815/2/2016,1624580081,5/2/2016,Mon,"7,155",4.93,0.86,0.59,3.47,0.00,7,6,166,1261,1440,"1,497",0,0,0
16245800815/3/2016,1624580081,5/3/2016,Tue,"2,100",1.37,0.00,0.00,1.34,0.02,0,0,96,1344,1440,"1,334",0,0,0
16245800815/4/2016,1624580081,5/4/2016,Wed,"2,193",1.43,0.00,0.00,1.42,0.00,0,0,118,1322,1440,"1,368",0,0,0
16245800815/5/2016,1624580081,5/5/2016,Thu,"2,470",1.61,0.00,0.00,1.58,0.02,0,0,117,1323,1440,"1,370",0,0,0
16245800815/6/2016,1624580081,5/6/2016,Fri,"1,727",1.12,0.00,0.00,1.12,0.01,0,0,102,1338,1440,"1,341",0,0,0
16245800815/7/2016,1624580081,5/7/2016,Sat,"2,104",1.37,0.00,0.00,1.37,0.00,0,0,182,1258,1440,"1,474",0,0,0
16245800815/8/2016,1624580081,5/8/2016,Sun,"3,427",2.23,0.00,0.00,2.22,0.00,0,0,152,1288,1440,"1,427",0,0,0
16245800815/9/2016,1624580081,5/9/2016,Mon,"1,732",1.13,0.00,0.00,1.13,0.00,0,0,91,1349,1440,"1,328",0,0,0
16245800815/10/2016,1624580081,5/10/2016,Tue,"2,969",1.93,0.00,0.00,1.92,0.01,0,0,139,1301,1440,"1,393",0,0,0
16245800815/11/2016,1624580081,5/11/2016,Wed,"3,134",2.04,0.00,0.00,2.04,0.00,0,0,112,1328,1440,"1,359",0,0,0
16245800815/12/2016,1624580081,5/12/2016,Thu,"2,971",1.93,0.00,0.00,1.92,0.01,0,0,107,890,997,"1,002",0,0,0
16444300814/12/2016,1644430081,4/12/2016,Tue,"10,694",7.77,0.14,2.30,5.33,0.00,2,51,256,1131,1440,"3,199",0,0,0
16444300814/13/2016,1644430081,4/13/2016,Wed,"8,001",5.82,2.28,0.90,2.64,0.00,30,16,135,1259,1440,"2,902",0,0,0
16444300814/14/2016,1644430081,4/14/2016,Thu,"11,037",8.02,0.36,2.56,5.10,0.00,5,58,252,1125,1440,"3,226",0,0,0
16444300814/15/2016,1644430081,4/15/2016,Fri,"5,263",3.83,0.22,0.15,3.45,0.00,3,4,170,1263,1440,"2,750",0,0,0
16444300814/16/2016,1644430081,4/16/2016,Sat,"15,300",11.12,4.10,1.88,5.09,0.00,51,42,212,1135,1440,"3,493",0,0,0
16444300814/17/2016,1644430081,4/17/2016,Sun,"8,757",6.37,2.25,0.57,3.55,0.00,29,13,186,1212,1440,"3,011",0,0,0
16444300814/18/2016,1644430081,4/18/2016,Mon,"7,132",5.19,1.07,1.67,2.45,0.00,15,33,121,1271,1440,"2,806",0,0,0
16444300814/19/2016,1644430081,4/19/2016,Tue,"11,256",8.18,0.36,2.53,5.30,0.00,5,58,278,1099,1440,"3,300",0,0,0
16444300814/20/2016,1644430081,4/20/2016,Wed,"2,436",1.77,0.00,0.00,1.76,0.01,0,0,125,1315,1440,"2,430",0,0,0
16444300814/21/2016,1644430081,4/21/2016,Thu,"1,223",0.89,0.00,0.00,0.88,0.01,0,0,38,1402,1440,"2,140",0,0,0
16444300814/22/2016,1644430081,4/22/2016,Fri,"3,673",2.67,0.00,0.00,2.66,0.01,0,0,86,1354,1440,"2,344",0,0,0
16444300814/23/2016,1644430081,4/23/2016,Sat,"6,637",4.83,0.00,0.58,4.25,0.00,0,15,160,1265,1440,"2,677",0,0,0
16444300814/24/2016,1644430081,4/24/2016,Sun,"3,321",2.41,0.00,0.00,2.41,0.00,0,0,89,1351,1440,"2,413",0,0,0
16444300814/25/2016,1644430081,4/25/2016,Mon,"3,580",2.60,0.59,0.06,1.95,0.00,8,1,94,1337,1440,"2,497",0,0,0
16444300814/26/2016,1644430081,4/26/2016,Tue,"9,919",7.21,0.80,1.72,4.69,0.00,11,41,223,1165,1440,"3,123",0,0,0
16444300814/27/2016,1644430081,4/27/2016,Wed,"3,032",2.20,0.00,0.00,2.20,0.00,0,0,118,1322,1440,"2,489",0,0,0
16444300814/28/2016,1644430081,4/28/2016,Thu,"9,405",6.84,0.20,2.32,4.31,0.00,3,53,227,1157,1440,"3,108",0,0,0
16444300814/29/2016,1644430081,4/29/2016,Fri,"3,176",2.31,0.00,0.00,2.31,0.00,0,0,120,1193,1313,"2,498",1,119,127
16444300814/30/2016,1644430081,4/30/2016,Sat,"18,213",13.24,0.63,3.14,9.46,0.00,9,71,402,816,1298,"3,846",1,124,142
16444300815/1/2016,1644430081,5/1/2016,Sun,"6,132",4.46,0.24,0.99,3.23,0.00,3,24,146,908,1081,"2,696",0,0,0
16444300815/2/2016,1644430081,5/2/2016,Mon,"3,758",2.73,0.07,0.31,2.35,0.00,1,7,148,682,838,"2,580",1,796,961
16444300815/3/2016,1644430081,5/3/2016,Tue,"12,850",9.34,0.72,4.09,4.54,0.00,10,94,221,1115,1440,"3,324",0,0,0
16444300815/4/2016,1644430081,5/4/2016,Wed,"2,309",1.68,0.00,0.00,1.66,0.02,0,0,52,1388,1440,"2,222",0,0,0
16444300815/5/2016,1644430081,5/5/2016,Thu,"4,363",3.19,0.52,0.54,2.13,0.01,6,12,81,1341,1440,"2,463",0,0,0
16444300815/6/2016,1644430081,5/6/2016,Fri,"9,787",7.12,0.82,0.27,6.01,0.02,11,6,369,1054,1440,"3,328",0,0,0
16444300815/7/2016,1644430081,5/7/2016,Sat,"13,372",9.72,3.26,0.79,5.67,0.01,41,17,243,1139,1440,"3,404",0,0,0
16444300815/8/2016,1644430081,5/8/2016,Sun,"6,724",4.89,0.00,0.00,4.88,0.00,0,0,295,991,1286,"2,987",1,137,154
16444300815/9/2016,1644430081,5/9/2016,Mon,"6,643",4.83,2.39,0.35,2.09,0.01,32,6,303,1099,1440,"3,008",0,0,0
16444300815/10/2016,1644430081,5/10/2016,Tue,"9,167",6.66,0.88,0.81,4.97,0.01,12,19,155,1254,1440,"2,799",0,0,0
16444300815/11/2016,1644430081,5/11/2016,Wed,"1,329",0.97,0.00,0.00,0.95,0.01,0,0,49,713,762,"1,276",0,0,0
18445050724/12/2016,1844505072,4/12/2016,Tue,"6,697",4.43,0.00,0.00,4.43,0.00,0,0,339,1101,1440,"2,030",0,0,0
18445050724/13/2016,1844505072,4/13/2016,Wed,"4,929",3.26,0.00,0.00,3.26,0.00,0,0,248,1192,1440,"1,860",0,0,0
18445050724/14/2016,1844505072,4/14/2016,Thu,"7,937",5.25,0.00,0.00,5.23,0.00,0,0,373,843,1216,"2,130",0,0,0
18445050724/15/2016,1844505072,4/15/2016,Fri,"3,844",2.54,0.00,0.00,2.54,0.00,0,0,176,527,703,"1,725",1,644,961
18445050724/16/2016,1844505072,4/16/2016,Sat,"3,414",2.26,0.00,0.00,2.26,0.00,0,0,147,1293,1440,"1,657",0,0,0
18445050724/17/2016,1844505072,4/17/2016,Sun,"4,525",2.99,0.14,0.26,2.59,0.00,2,8,199,1231,1440,"1,793",0,0,0
18445050724/18/2016,1844505072,4/18/2016,Mon,"4,597",3.04,0.00,0.48,2.56,0.00,0,12,217,1211,1440,"1,814",0,0,0
18445050724/19/2016,1844505072,4/19/2016,Tue,197,0.13,0.00,0.00,0.13,0.00,0,0,10,1430,1440,"1,366",0,0,0
18445050724/20/2016,1844505072,4/20/2016,Wed,8,0.01,0.00,0.00,0.01,0.00,0,0,1,1439,1440,"1,349",0,0,0
18445050724/21/2016,1844505072,4/21/2016,Thu,"8,054",5.32,0.12,0.52,4.68,0.00,2,13,308,1117,1440,"2,062",0,0,0
18445050724/22/2016,1844505072,4/22/2016,Fri,"5,372",3.55,0.00,0.00,3.55,0.00,0,0,220,1220,1440,"1,827",0,0,0
18445050724/23/2016,1844505072,4/23/2016,Sat,"3,570",2.36,0.00,0.00,2.36,0.00,0,0,139,1301,1440,"1,645",0,0,0
18445050724/27/2016,1844505072,4/27/2016,Wed,4,0.00,0.00,0.00,0.00,0.00,0,0,1,1439,1440,"1,348",0,0,0
18445050724/28/2016,1844505072,4/28/2016,Thu,"6,907",4.57,0.00,0.00,4.56,0.00,0,0,302,1138,1440,"1,992",0,0,0
18445050724/29/2016,1844505072,4/29/2016,Fri,"4,920",3.25,0.00,0.00,3.25,0.00,0,0,247,1082,1329,"1,856",0,0,0
18445050724/30/2016,1844505072,4/30/2016,Sat,"4,014",2.67,0.00,0.00,2.65,0.00,0,0,184,218,402,"1,763",1,722,961
18445050725/1/2016,1844505072,5/1/2016,Sun,"2,573",1.70,0.00,0.26,1.45,0.00,0,7,75,585,667,"1,541",1,590,961
18445050725/3/2016,1844505072,5/3/2016,Tue,"4,059",2.68,0.00,0.00,2.68,0.00,0,0,184,1256,1440,"1,742",0,0,0
18445050725/4/2016,1844505072,5/4/2016,Wed,"2,080",1.37,0.00,0.00,1.37,0.00,0,0,87,1353,1440,"1,549",0,0,0
18445050725/5/2016,1844505072,5/5/2016,Thu,"2,237",1.48,0.00,0.00,1.48,0.00,0,0,120,1320,1440,"1,589",0,0,0
18445050725/6/2016,1844505072,5/6/2016,Fri,44,0.03,0.00,0.00,0.03,0.00,0,0,2,1438,1440,"1,351",0,0,0
19279722794/12/2016,1927972279,4/12/2016,Tue,678,0.47,0.00,0.00,0.47,0.00,0,0,55,734,789,"2,220",3,750,775
19279722794/13/2016,1927972279,4/13/2016,Wed,356,0.25,0.00,0.00,0.25,0.00,0,0,32,986,1018,"2,151",1,398,422
19279722794/14/2016,1927972279,4/14/2016,Thu,"2,163",1.50,0.00,0.40,1.10,0.00,0,9,88,1292,1389,"2,383",0,0,0
19279722794/15/2016,1927972279,4/15/2016,Fri,980,0.68,0.00,0.00,0.68,0.00,0,0,51,941,992,"2,221",2,475,499
19279722794/18/2016,1927972279,4/18/2016,Mon,244,0.17,0.00,0.00,0.17,0.00,0,0,17,1423,1440,"2,111",0,0,0
19279722794/22/2016,1927972279,4/22/2016,Fri,149,0.10,0.00,0.00,0.10,0.00,0,0,10,1430,1440,"2,093",0,0,0
19279722794/23/2016,1927972279,4/23/2016,Sat,"2,945",2.04,0.00,0.00,2.04,0.00,0,0,145,1295,1440,"2,499",0,0,0
19279722794/24/2016,1927972279,4/24/2016,Sun,"2,090",1.45,0.07,0.24,1.14,0.00,1,6,75,1358,1440,"2,324",0,0,0
19279722794/25/2016,1927972279,4/25/2016,Mon,152,0.11,0.00,0.00,0.11,0.00,0,0,12,1303,1315,"2,100",0,0,0
19279722794/26/2016,1927972279,4/26/2016,Tue,"3,761",2.60,0.00,0.00,2.60,0.00,0,0,192,1058,1250,"2,638",1,296,315
19279722794/28/2016,1927972279,4/28/2016,Thu,"1,675",1.16,0.00,0.00,1.16,0.00,0,0,95,1167,1262,"2,351",1,166,178
19279722795/1/2016,1927972279,5/1/2016,Sun,"2,704",1.87,1.01,0.03,0.83,0.00,14,1,70,1355,1440,"2,411",0,0,0
19279722795/2/2016,1927972279,5/2/2016,Mon,"3,790",2.62,1.16,0.30,1.16,0.00,16,8,94,1322,1440,"2,505",0,0,0
19279722795/3/2016,1927972279,5/3/2016,Tue,"1,326",0.92,0.73,0.00,0.18,0.00,10,0,17,1413,1440,"2,195",0,0,0
19279722795/4/2016,1927972279,5/4/2016,Wed,"1,786",1.24,0.00,0.00,1.24,0.00,0,0,87,1353,1440,"2,338",0,0,0
19279722795/6/2016,1927972279,5/6/2016,Fri,"2,091",1.45,0.00,0.00,1.45,0.00,0,0,108,1332,1440,"2,383",0,0,0
19279722795/7/2016,1927972279,5/7/2016,Sat,"1,510",1.04,0.00,0.00,1.04,0.00,0,0,48,1392,1440,"2,229",0,0,0
20224844084/12/2016,2022484408,4/12/2016,Tue,"11,875",8.34,3.31,0.77,4.26,0.00,42,14,227,1157,1440,"2,390",0,0,0
20224844084/13/2016,2022484408,4/13/2016,Wed,"12,024",8.50,2.99,0.10,5.41,0.00,43,5,292,1100,1440,"2,601",0,0,0
20224844084/14/2016,2022484408,4/14/2016,Thu,"10,690",7.50,2.48,0.21,4.82,0.00,32,3,257,1148,1440,"2,312",0,0,0
20224844084/15/2016,2022484408,4/15/2016,Fri,"11,034",8.03,1.94,0.31,5.78,0.00,27,9,282,1122,1440,"2,525",0,0,0
20224844084/16/2016,2022484408,4/16/2016,Sat,"10,100",7.09,3.15,0.55,3.39,0.00,41,11,151,1237,1440,"2,177",0,0,0
20224844084/17/2016,2022484408,4/17/2016,Sun,"15,112",11.40,3.87,0.66,6.88,0.00,28,29,331,1052,1440,"2,782",0,0,0
20224844084/18/2016,2022484408,4/18/2016,Mon,"14,131",10.07,3.64,0.12,6.30,0.00,48,3,311,1078,1440,"2,770",0,0,0
20224844084/19/2016,2022484408,4/19/2016,Tue,"11,548",8.53,3.29,0.24,5.00,0.00,31,7,250,1152,1440,"2,489",0,0,0
20224844084/20/2016,2022484408,4/20/2016,Wed,"15,112",10.67,3.34,1.93,5.40,0.00,48,63,276,1053,1440,"2,897",0,0,0
20224844084/21/2016,2022484408,4/21/2016,Thu,"12,453",8.74,3.33,1.11,4.31,0.00,104,53,255,1028,1440,"3,158",0,0,0
20224844084/22/2016,2022484408,4/22/2016,Fri,"12,954",9.33,4.43,0.42,4.47,0.00,52,10,273,1105,1440,"2,638",0,0,0
20224844084/23/2016,2022484408,4/23/2016,Sat,"6,001",4.21,0.00,0.00,4.21,0.00,0,0,249,1191,1440,"2,069",0,0,0
20224844084/24/2016,2022484408,4/24/2016,Sun,"13,481",10.28,4.55,1.15,4.58,0.00,37,26,216,1161,1440,"2,529",0,0,0
20224844084/25/2016,2022484408,4/25/2016,Mon,"11,369",8.01,3.33,0.22,4.46,0.00,44,8,217,1171,1440,"2,470",0,0,0
20224844084/26/2016,2022484408,4/26/2016,Tue,"10,119",7.19,1.43,0.66,5.11,0.00,55,24,275,1086,1440,"2,793",0,0,0
20224844084/27/2016,2022484408,4/27/2016,Wed,"10,159",7.13,1.04,0.97,5.12,0.00,19,20,282,1119,1440,"2,463",0,0,0
20224844084/28/2016,2022484408,4/28/2016,Thu,"10,140",7.12,0.41,1.33,5.39,0.00,6,20,291,1123,1440,"2,296",0,0,0
20224844084/29/2016,2022484408,4/29/2016,Fri,"10,245",7.19,0.48,1.21,5.50,0.00,21,40,281,1098,1440,"2,611",0,0,0
20224844084/30/2016,2022484408,4/30/2016,Sat,"18,387",12.91,0.94,1.40,10.57,0.00,13,23,361,1043,1440,"2,732",0,0,0
20224844085/1/2016,2022484408,5/1/2016,Sun,"10,538",7.40,1.94,0.96,4.50,0.00,25,28,245,1142,1440,"2,380",0,0,0
20224844085/2/2016,2022484408,5/2/2016,Mon,"10,379",7.29,2.61,0.34,4.33,0.00,36,8,277,1119,1440,"2,473",0,0,0
20224844085/3/2016,2022484408,5/3/2016,Tue,"12,183",8.74,3.99,0.46,4.28,0.00,72,14,250,1104,1440,"2,752",0,0,0
20224844085/4/2016,2022484408,5/4/2016,Wed,"11,768",8.29,2.51,0.93,4.85,0.00,36,27,272,1105,1440,"2,649",0,0,0
20224844085/5/2016,2022484408,5/5/2016,Thu,"11,895",8.35,2.79,0.86,4.70,0.00,55,20,253,1112,1440,"2,609",0,0,0
20224844085/6/2016,2022484408,5/6/2016,Fri,"10,227",7.18,1.87,0.67,4.64,0.00,24,17,295,1104,1440,"2,498",0,0,0
20224844085/7/2016,2022484408,5/7/2016,Sat,"6,708",4.71,1.61,0.08,3.02,0.00,20,2,149,1269,1440,"1,995",0,0,0
20224844085/8/2016,2022484408,5/8/2016,Sun,"3,292",2.31,0.00,0.00,2.31,0.00,0,0,135,1305,1440,"1,848",0,0,0
20224844085/9/2016,2022484408,5/9/2016,Mon,"13,379",9.39,2.12,1.63,5.64,0.00,35,47,297,1061,1440,"2,709",0,0,0
20224844085/10/2016,2022484408,5/10/2016,Tue,"12,798",8.98,2.22,1.21,5.56,0.00,57,28,271,1084,1440,"2,797",0,0,0
20224844085/11/2016,2022484408,5/11/2016,Wed,"13,272",9.32,4.18,1.15,3.99,0.00,58,25,224,1133,1440,"2,544",0,0,0
20224844085/12/2016,2022484408,5/12/2016,Thu,"9,117",6.41,1.28,0.67,4.44,0.00,16,16,236,728,996,"1,853",0,0,0
20263520354/12/2016,2026352035,4/12/2016,Tue,"4,414",2.74,0.19,0.35,2.20,0.00,3,8,181,706,898,"1,459",1,503,546
20263520354/13/2016,2026352035,4/13/2016,Wed,"4,993",3.10,0.00,0.00,3.10,0.00,0,0,238,663,901,"1,521",1,531,565
20263520354/14/2016,2026352035,4/14/2016,Thu,"3,335",2.07,0.00,0.00,2.05,0.00,0,0,197,653,850,"1,431",1,545,568
20263520354/15/2016,2026352035,4/15/2016,Fri,"3,821",2.37,0.00,0.00,2.37,0.00,0,0,188,687,875,"1,444",1,523,573
20263520354/16/2016,2026352035,4/16/2016,Sat,"2,547",1.58,0.00,0.00,1.58,0.00,0,0,150,728,878,"1,373",1,524,567
20263520354/17/2016,2026352035,4/17/2016,Sun,838,0.52,0.00,0.00,0.52,0.00,0,0,60,1053,1113,"1,214",1,437,498
20263520354/18/2016,2026352035,4/18/2016,Mon,"3,325",2.06,0.00,0.00,2.06,0.00,0,0,182,1062,1244,"1,419",0,0,0
20263520354/19/2016,2026352035,4/19/2016,Tue,"2,424",1.50,0.00,0.00,1.50,0.00,0,0,141,785,926,"1,356",1,498,540
20263520354/20/2016,2026352035,4/20/2016,Wed,"7,222",4.48,0.00,0.00,4.48,0.00,0,0,327,623,950,"1,667",1,461,510
20263520354/21/2016,2026352035,4/21/2016,Thu,"2,467",1.53,0.00,0.00,1.53,0.00,0,0,153,749,902,"1,370",1,477,514
20263520354/22/2016,2026352035,4/22/2016,Fri,"2,915",1.81,0.00,0.00,1.81,0.00,0,0,162,712,874,"1,399",1,520,545
20263520354/23/2016,2026352035,4/23/2016,Sat,"12,357",7.71,0.00,0.00,7.71,0.00,0,0,432,458,890,"1,916",1,522,554
20263520354/24/2016,2026352035,4/24/2016,Sun,"3,490",2.16,0.00,0.00,2.16,0.00,0,0,164,704,868,"1,401",1,555,591
20263520354/25/2016,2026352035,4/25/2016,Mon,"6,017",3.73,0.00,0.00,3.73,0.00,0,0,260,821,1081,"1,576",1,506,531
20263520354/26/2016,2026352035,4/26/2016,Tue,"5,933",3.68,0.00,0.00,3.68,0.00,0,0,288,1018,1306,"1,595",0,0,0
20263520354/27/2016,2026352035,4/27/2016,Wed,"6,088",3.77,0.00,0.00,3.77,0.00,0,0,286,586,872,"1,593",1,508,545
20263520354/28/2016,2026352035,4/28/2016,Thu,"6,375",3.95,0.00,0.00,3.95,0.00,0,0,331,626,957,"1,649",1,513,545
20263520354/29/2016,2026352035,4/29/2016,Fri,"7,604",4.71,0.00,0.00,4.71,0.00,0,0,352,492,844,"1,692",1,490,510
20263520354/30/2016,2026352035,4/30/2016,Sat,"4,729",2.93,0.00,0.00,2.93,0.00,0,0,233,594,827,"1,506",1,573,607
20263520355/1/2016,2026352035,5/1/2016,Sun,"3,609",2.28,0.00,0.00,2.28,0.00,0,0,191,716,907,"1,447",1,527,546
20263520355/2/2016,2026352035,5/2/2016,Mon,"7,018",4.35,0.00,0.00,4.35,0.00,0,0,355,716,1071,"1,690",1,511,543
20263520355/3/2016,2026352035,5/3/2016,Tue,"5,992",3.72,0.00,0.00,3.72,0.00,0,0,304,981,1285,"1,604",0,0,0
20263520355/4/2016,2026352035,5/4/2016,Wed,"6,564",4.07,0.00,0.00,4.07,0.00,0,0,345,530,875,"1,658",1,538,560
20263520355/5/2016,2026352035,5/5/2016,Thu,"12,167",7.54,0.00,0.00,7.54,0.00,0,0,475,479,954,"1,926",1,468,485
20263520355/6/2016,2026352035,5/6/2016,Fri,"8,198",5.08,0.00,0.00,5.08,0.00,0,0,383,511,894,"1,736",1,524,548
20263520355/7/2016,2026352035,5/7/2016,Sat,"4,193",2.60,0.00,0.00,2.60,0.00,0,0,229,665,894,"1,491",1,511,521
20263520355/8/2016,2026352035,5/8/2016,Sun,"5,528",3.45,0.00,0.00,3.45,0.00,0,0,258,610,868,"1,555",1,541,568
20263520355/9/2016,2026352035,5/9/2016,Mon,"10,685",6.62,0.00,0.00,6.60,0.00,0,0,401,543,944,"1,869",1,531,556
20263520355/10/2016,2026352035,5/10/2016,Tue,254,0.16,0.00,0.00,0.16,0.00,0,0,17,1002,1019,"1,141",1,357,380
20263520355/11/2016,2026352035,5/11/2016,Wed,"8,580",5.32,0.00,0.00,5.32,0.00,0,0,330,569,899,"1,698",1,523,553
20263520355/12/2016,2026352035,5/12/2016,Thu,"8,891",5.51,0.00,0.00,5.51,0.00,0,0,343,330,673,"1,364",1,456,485
23201270024/12/2016,2320127002,4/12/2016,Tue,"10,725",7.49,1.17,0.31,6.01,0.00,13,9,306,1112,1440,"2,124",0,0,0
23201270024/13/2016,2320127002,4/13/2016,Wed,"7,275",4.90,0.00,0.00,4.90,0.00,0,0,335,1105,1440,"2,003",0,0,0
23201270024/14/2016,2320127002,4/14/2016,Thu,"3,973",2.68,0.00,0.00,2.68,0.00,0,0,191,1249,1440,"1,696",0,0,0
23201270024/15/2016,2320127002,4/15/2016,Fri,"5,205",3.51,0.00,0.00,3.51,0.00,0,0,245,1195,1440,"1,801",0,0,0
23201270024/16/2016,2320127002,4/16/2016,Sat,"5,057",3.41,0.00,0.00,3.40,0.00,0,0,195,1245,1440,"1,724",0,0,0
23201270024/17/2016,2320127002,4/17/2016,Sun,"6,198",4.18,0.00,0.00,4.18,0.00,0,0,249,1191,1440,"1,852",0,0,0
23201270024/18/2016,2320127002,4/18/2016,Mon,"6,559",4.42,0.00,0.26,4.14,0.00,0,7,260,1173,1440,"1,905",0,0,0
23201270024/19/2016,2320127002,4/19/2016,Tue,"5,997",4.04,0.00,0.38,3.66,0.00,0,11,228,1201,1440,"1,811",0,0,0
23201270024/20/2016,2320127002,4/20/2016,Wed,"7,192",4.85,0.00,0.49,4.34,0.00,0,11,283,1146,1440,"1,922",0,0,0
23201270024/21/2016,2320127002,4/21/2016,Thu,"3,404",2.29,0.06,0.42,1.81,0.00,1,10,127,1302,1440,"1,610",0,0,0
23201270024/22/2016,2320127002,4/22/2016,Fri,"5,583",3.76,0.00,0.00,3.76,0.00,0,0,266,1174,1440,"1,851",0,0,0
23201270024/23/2016,2320127002,4/23/2016,Sat,"5,079",3.42,0.00,0.00,3.42,0.00,0,0,242,1129,1371,"1,804",1,61,69
23201270024/24/2016,2320127002,4/24/2016,Sun,"4,165",2.81,0.00,0.00,2.80,0.00,0,0,204,1236,1440,"1,725",0,0,0
23201270024/25/2016,2320127002,4/25/2016,Mon,"3,588",2.42,0.23,0.20,1.99,0.00,3,5,152,1280,1440,"1,654",0,0,0
23201270024/26/2016,2320127002,4/26/2016,Tue,"3,409",2.30,0.00,0.00,2.30,0.00,0,0,147,1293,1440,"1,632",0,0,0
23201270024/27/2016,2320127002,4/27/2016,Wed,"1,715",1.16,0.00,0.00,1.16,0.00,0,0,82,1358,1440,"1,481",0,0,0
23201270024/28/2016,2320127002,4/28/2016,Thu,"1,532",1.03,0.00,0.00,1.03,0.00,0,0,76,1364,1440,"1,473",0,0,0
23201270024/29/2016,2320127002,4/29/2016,Fri,924,0.62,0.00,0.00,0.62,0.00,0,0,45,1395,1440,"1,410",0,0,0
23201270024/30/2016,2320127002,4/30/2016,Sat,"4,571",3.08,0.00,0.00,3.07,0.00,0,0,234,1206,1440,"1,779",0,0,0
23201270025/1/2016,2320127002,5/1/2016,Sun,772,0.52,0.00,0.00,0.52,0.00,0,0,40,1400,1440,"1,403",0,0,0
23201270025/2/2016,2320127002,5/2/2016,Mon,"3,634",2.45,0.36,0.21,1.88,0.00,5,6,123,1306,1440,"1,613",0,0,0
23201270025/3/2016,2320127002,5/3/2016,Tue,"7,443",5.02,1.49,0.37,3.16,0.00,20,10,206,1204,1440,"1,878",0,0,0
23201270025/4/2016,2320127002,5/4/2016,Wed,"1,201",0.81,0.00,0.00,0.81,0.00,0,0,52,1388,1440,"1,426",0,0,0
23201270025/5/2016,2320127002,5/5/2016,Thu,"5,202",3.51,0.00,0.39,3.11,0.00,0,11,223,1206,1440,"1,780",0,0,0
23201270025/6/2016,2320127002,5/6/2016,Fri,"4,878",3.29,0.00,0.00,3.29,0.00,0,0,204,1236,1440,"1,742",0,0,0
23201270025/7/2016,2320127002,5/7/2016,Sat,"7,379",4.97,0.00,0.00,4.97,0.00,0,0,319,1121,1440,"1,972",0,0,0
23201270025/8/2016,2320127002,5/8/2016,Sun,"5,161",3.48,0.00,0.00,3.47,0.00,0,0,247,1193,1440,"1,821",0,0,0
23201270025/9/2016,2320127002,5/9/2016,Mon,"3,090",2.08,0.00,0.00,2.08,0.00,0,0,145,1295,1440,"1,630",0,0,0
23201270025/10/2016,2320127002,5/10/2016,Tue,"6,227",4.20,0.00,0.00,4.20,0.00,0,0,290,1150,1440,"1,899",0,0,0
23201270025/11/2016,2320127002,5/11/2016,Wed,"6,424",4.33,0.00,0.00,4.33,0.00,0,0,300,1140,1440,"1,903",0,0,0
23201270025/12/2016,2320127002,5/12/2016,Thu,"2,661",1.79,0.00,0.00,1.79,0.00,0,0,128,830,958,"1,125",0,0,0
23471677964/12/2016,2347167796,4/12/2016,Tue,"10,113",6.83,2.00,0.62,4.20,0.00,28,13,320,964,1325,"2,344",0,0,0
23471677964/13/2016,2347167796,4/13/2016,Wed,"10,352",7.01,1.66,1.94,3.41,0.00,19,32,195,676,922,"2,038",1,467,531
23471677964/14/2016,2347167796,4/14/2016,Thu,"10,129",6.70,0.02,2.74,3.94,0.00,1,48,206,705,960,"2,010",1,445,489
23471677964/15/2016,2347167796,4/15/2016,Fri,"10,465",6.92,0.07,1.42,5.43,0.00,1,24,284,720,1029,"2,133",1,452,504
23471677964/16/2016,2347167796,4/16/2016,Sat,"22,244",15.08,5.45,4.10,5.53,0.00,66,72,268,968,1374,"2,670",0,0,0
23471677964/17/2016,2347167796,4/17/2016,Sun,"5,472",3.62,0.08,0.28,3.26,0.00,1,7,249,508,765,"1,882",1,556,602
23471677964/18/2016,2347167796,4/18/2016,Mon,"8,247",5.45,0.79,0.86,3.79,0.00,11,16,206,678,911,"1,944",1,500,557
23471677964/19/2016,2347167796,4/19/2016,Tue,"6,711",4.44,0.00,0.00,4.44,0.00,0,7,382,648,1037,"2,346",1,465,514
23471677964/20/2016,2347167796,4/20/2016,Wed,"10,999",7.27,0.68,1.81,4.78,0.00,11,43,269,1011,1334,"2,198",0,0,0
23471677964/21/2016,2347167796,4/21/2016,Thu,"10,080",6.75,1.85,1.53,3.38,0.00,23,26,208,761,1018,"2,048",1,460,484
23471677964/22/2016,2347167796,4/22/2016,Fri,"7,804",5.16,0.56,1.68,2.92,0.00,9,27,206,781,1023,"1,946",1,405,461
23471677964/23/2016,2347167796,4/23/2016,Sat,"16,901",11.37,2.78,1.45,7.15,0.00,32,35,360,591,1018,"2,629",1,374,386
23471677964/24/2016,2347167796,4/24/2016,Sun,"9,471",6.26,0.00,0.00,6.26,0.00,0,0,360,584,944,"2,187",1,442,459
23471677964/25/2016,2347167796,4/25/2016,Mon,"9,482",6.38,1.27,0.52,4.60,0.00,15,11,277,653,956,"2,095",1,433,471
23471677964/26/2016,2347167796,4/26/2016,Tue,"5,980",3.95,0.00,0.00,3.95,0.00,0,0,227,732,959,"1,861",1,436,490
23471677964/27/2016,2347167796,4/27/2016,Wed,"11,423",7.58,1.86,0.40,5.32,0.00,26,9,295,623,953,"2,194",1,448,499
23471677964/28/2016,2347167796,4/28/2016,Thu,"5,439",3.60,0.00,0.00,3.60,0.00,0,0,229,764,993,"1,854",1,408,450
23471677964/29/2016,2347167796,4/29/2016,Fri,42,0.03,0.00,0.00,0.03,0.00,0,0,4,2,6,403,1,411,473
28732127654/12/2016,2873212765,4/12/2016,Tue,"8,796",5.91,0.11,0.93,4.88,0.00,2,21,356,1061,1440,"1,982",0,0,0
28732127654/13/2016,2873212765,4/13/2016,Wed,"7,618",5.12,0.00,0.22,4.88,0.02,0,8,404,1028,1440,"2,004",0,0,0
28732127654/14/2016,2873212765,4/14/2016,Thu,"7,910",5.32,0.00,0.00,5.32,0.00,0,0,331,1109,1440,"1,893",0,0,0
28732127654/15/2016,2873212765,4/15/2016,Fri,"8,482",5.70,0.00,0.00,5.69,0.01,0,0,448,992,1440,"2,063",0,0,0
28732127654/16/2016,2873212765,4/16/2016,Sat,"9,685",6.65,3.11,0.02,3.51,0.01,47,1,305,1087,1440,"2,148",0,0,0
28732127654/17/2016,2873212765,4/17/2016,Sun,"2,524",1.70,0.00,0.35,1.34,0.00,0,8,160,1272,1440,"1,529",0,0,0
28732127654/18/2016,2873212765,4/18/2016,Mon,"7,762",5.24,0.07,0.28,4.89,0.00,1,6,311,1122,1440,"1,890",0,0,0
28732127654/19/2016,2873212765,4/19/2016,Tue,"7,948",5.37,0.00,0.00,5.36,0.00,0,0,389,1051,1440,"1,956",0,0,0
28732127654/20/2016,2873212765,4/20/2016,Wed,"9,202",6.30,1.51,0.12,4.66,0.01,22,5,378,1035,1440,"2,094",0,0,0
28732127654/21/2016,2873212765,4/21/2016,Thu,"8,859",5.98,0.13,0.37,5.47,0.01,2,10,371,1057,1440,"1,970",0,0,0
28732127654/22/2016,2873212765,4/22/2016,Fri,"7,286",4.90,0.46,0.00,4.42,0.02,46,0,366,1028,1440,"2,241",0,0,0
28732127654/23/2016,2873212765,4/23/2016,Sat,"9,317",6.35,2.09,0.23,4.02,0.01,28,5,330,1077,1440,"2,021",0,0,0
28732127654/24/2016,2873212765,4/24/2016,Sun,"6,873",4.68,3.00,0.06,1.62,0.00,46,1,190,1203,1440,"1,898",0,0,0
28732127654/25/2016,2873212765,4/25/2016,Mon,"7,373",4.95,0.00,0.00,4.95,0.00,0,0,359,1081,1440,"1,907",0,0,0
28732127654/26/2016,2873212765,4/26/2016,Tue,"8,242",5.54,0.12,0.18,5.24,0.00,2,5,309,1124,1440,"1,882",0,0,0
28732127654/27/2016,2873212765,4/27/2016,Wed,"3,516",2.36,0.00,0.00,2.36,0.00,46,0,197,1197,1440,"1,966",0,0,0
28732127654/28/2016,2873212765,4/28/2016,Thu,"7,913",5.41,2.16,0.34,2.91,0.00,28,7,213,1192,1440,"1,835",0,0,0
28732127654/29/2016,2873212765,4/29/2016,Fri,"7,365",4.95,1.36,1.41,2.18,0.00,20,23,206,1191,1440,"1,780",0,0,0
28732127654/30/2016,2873212765,4/30/2016,Sat,"8,452",5.68,0.33,1.08,4.26,0.01,5,20,248,1167,1440,"1,830",0,0,0
28732127655/1/2016,2873212765,5/1/2016,Sun,"7,399",4.97,0.49,1.04,3.44,0.00,7,18,196,1219,1440,"1,739",0,0,0
28732127655/2/2016,2873212765,5/2/2016,Mon,"7,525",5.06,0.00,0.21,4.83,0.02,0,7,334,1099,1440,"1,878",0,0,0
28732127655/3/2016,2873212765,5/3/2016,Tue,"7,412",4.98,0.06,0.25,4.66,0.01,1,6,363,1070,1440,"1,906",0,0,0
28732127655/4/2016,2873212765,5/4/2016,Wed,"8,278",5.56,0.00,0.00,5.56,0.00,0,0,420,1020,1440,"2,015",0,0,0
28732127655/5/2016,2873212765,5/5/2016,Thu,"8,314",5.61,0.78,0.80,4.03,0.00,13,23,311,1093,1440,"1,971",0,0,0
28732127655/6/2016,2873212765,5/6/2016,Fri,"7,063",4.75,0.00,0.12,4.61,0.01,0,5,370,1065,1440,"1,910",0,0,0
28732127655/7/2016,2873212765,5/7/2016,Sat,"4,940",3.38,2.28,0.55,0.55,0.00,75,11,52,1302,1440,"1,897",0,0,0
28732127655/8/2016,2873212765,5/8/2016,Sun,"8,168",5.54,2.90,0.00,2.64,0.00,46,0,326,1068,1440,"2,096",0,0,0
28732127655/9/2016,2873212765,5/9/2016,Mon,"7,726",5.19,0.00,0.00,5.19,0.00,0,0,345,1095,1440,"1,906",0,0,0
28732127655/10/2016,2873212765,5/10/2016,Tue,"8,275",5.56,0.00,0.00,5.55,0.01,0,0,373,1067,1440,"1,962",0,0,0
28732127655/11/2016,2873212765,5/11/2016,Wed,"6,440",4.33,0.00,0.00,4.32,0.01,0,0,319,1121,1440,"1,826",0,0,0
28732127655/12/2016,2873212765,5/12/2016,Thu,"7,566",5.11,0.00,0.00,5.11,0.00,0,0,268,720,988,"1,431",0,0,0
33728681644/12/2016,3372868164,4/12/2016,Tue,"4,747",3.24,0.00,0.00,3.23,0.01,0,0,280,1160,1440,"1,788",0,0,0
33728681644/13/2016,3372868164,4/13/2016,Wed,"9,715",6.63,0.99,0.34,5.27,0.02,16,8,371,1045,1440,"2,093",0,0,0
33728681644/14/2016,3372868164,4/14/2016,Thu,"8,844",6.03,0.34,1.03,4.65,0.01,6,25,370,1039,1440,"2,065",0,0,0
33728681644/15/2016,3372868164,4/15/2016,Fri,"7,451",5.08,0.00,0.00,5.06,0.02,0,0,335,1105,1440,"1,908",0,0,0
33728681644/16/2016,3372868164,4/16/2016,Sat,"6,905",4.73,0.00,0.00,4.70,0.03,0,0,356,1084,1440,"1,908",0,0,0
33728681644/17/2016,3372868164,4/17/2016,Sun,"8,199",5.88,1.41,0.10,4.36,0.01,11,2,322,1105,1440,"1,964",0,0,0
33728681644/18/2016,3372868164,4/18/2016,Mon,"6,798",4.64,1.08,0.20,3.35,0.00,20,7,343,1070,1440,"2,014",0,0,0
33728681644/19/2016,3372868164,4/19/2016,Tue,"7,711",5.26,0.00,0.00,5.24,0.02,0,0,376,1064,1440,"1,985",0,0,0
33728681644/20/2016,3372868164,4/20/2016,Wed,"4,880",3.33,0.84,0.09,2.38,0.02,15,3,274,1148,1440,"1,867",0,0,0
33728681644/21/2016,3372868164,4/21/2016,Thu,"8,857",6.07,1.15,0.26,4.64,0.01,18,9,376,1037,1440,"2,124",0,0,0
33728681644/22/2016,3372868164,4/22/2016,Fri,"3,843",2.62,0.00,0.00,2.61,0.01,0,0,206,1234,1440,"1,669",0,0,0
33728681644/23/2016,3372868164,4/23/2016,Sat,"7,396",5.07,1.40,0.08,3.58,0.00,20,2,303,1115,1440,"1,995",0,0,0
33728681644/24/2016,3372868164,4/24/2016,Sun,"6,731",4.59,0.89,0.19,3.49,0.02,14,7,292,1127,1440,"1,921",0,0,0
33728681644/25/2016,3372868164,4/25/2016,Mon,"5,995",4.09,0.00,0.00,4.09,0.00,0,0,416,1024,1440,"2,010",0,0,0
33728681644/26/2016,3372868164,4/26/2016,Tue,"8,283",5.79,1.85,0.05,3.87,0.01,22,2,333,1083,1440,"2,057",0,0,0
33728681644/27/2016,3372868164,4/27/2016,Wed,"7,904",5.42,1.58,0.63,3.19,0.01,24,13,346,1057,1440,"2,095",0,0,0
33728681644/28/2016,3372868164,4/28/2016,Thu,"5,512",3.76,0.00,0.00,3.76,0.00,0,0,385,1055,1440,"1,972",0,0,0
33728681644/29/2016,3372868164,4/29/2016,Fri,"9,135",6.23,0.00,0.00,6.22,0.01,0,0,402,1038,1440,"2,044",0,0,0
33728681644/30/2016,3372868164,4/30/2016,Sat,"5,250",3.58,1.06,0.09,2.42,0.01,17,4,300,1119,1440,"1,946",0,0,0
33728681645/1/2016,3372868164,5/1/2016,Sun,"3,077",2.10,0.00,0.00,2.09,0.00,0,0,172,842,1014,"1,237",0,0,0
39773337144/12/2016,3977333714,4/12/2016,Tue,"8,856",5.98,3.06,0.91,2.01,0.00,44,19,131,777,971,"1,450",1,274,469
39773337144/13/2016,3977333714,4/13/2016,Wed,"10,035",6.71,2.03,2.13,2.55,0.00,31,46,153,754,984,"1,495",2,295,456
39773337144/14/2016,3977333714,4/14/2016,Thu,"7,641",5.11,0.32,0.97,3.82,0.00,5,23,214,801,1043,"1,433",1,291,397
39773337144/15/2016,3977333714,4/15/2016,Fri,"9,010",6.06,1.05,1.75,3.26,0.00,15,42,183,644,884,"1,468",1,424,556
39773337144/16/2016,3977333714,4/16/2016,Sat,"13,459",9.00,2.03,4.00,2.97,0.00,31,83,153,663,930,"1,625",1,283,510
39773337144/17/2016,3977333714,4/17/2016,Sun,"10,415",6.97,0.70,2.35,3.92,0.00,11,58,205,600,874,"1,529",1,381,566
39773337144/18/2016,3977333714,4/18/2016,Mon,"11,663",7.80,0.25,3.73,3.82,0.00,4,95,214,605,918,"1,584",2,412,522
39773337144/19/2016,3977333714,4/19/2016,Tue,"12,414",8.78,2.24,2.45,3.96,0.00,19,67,221,738,1045,"1,638",1,219,395
39773337144/20/2016,3977333714,4/20/2016,Wed,"11,658",7.83,0.20,4.35,3.28,0.00,2,98,164,845,1109,"1,554",2,152,305
39773337144/21/2016,3977333714,4/21/2016,Thu,"6,093",4.08,0.00,0.00,4.06,0.00,0,0,242,712,954,"1,397",1,332,512
39773337144/22/2016,3977333714,4/22/2016,Fri,"8,911",5.96,2.33,0.58,3.06,0.00,33,12,188,731,964,"1,481",1,355,476
39773337144/23/2016,3977333714,4/23/2016,Sat,"12,058",8.07,0.00,4.22,3.85,0.00,0,92,252,724,1068,"1,638",1,235,372
39773337144/24/2016,3977333714,4/24/2016,Sun,"14,112",10.00,3.27,4.56,2.17,0.00,30,95,129,660,914,"1,655",1,310,526
39773337144/25/2016,3977333714,4/25/2016,Mon,"11,177",8.48,5.62,0.43,2.41,0.00,50,9,133,781,973,"1,570",1,262,467
39773337144/26/2016,3977333714,4/26/2016,Tue,"11,388",7.62,0.45,4.22,2.95,0.00,7,95,170,797,1069,"1,551",1,250,371
39773337144/27/2016,3977333714,4/27/2016,Wed,"7,193",5.04,0.00,0.42,4.62,0.00,0,10,176,714,900,"1,377",1,349,540
39773337144/28/2016,3977333714,4/28/2016,Thu,"7,114",4.88,1.37,0.29,3.22,0.00,15,8,190,804,1017,"1,407",1,261,423
39773337144/29/2016,3977333714,4/29/2016,Fri,"10,645",7.75,3.74,1.30,2.71,0.00,36,32,150,744,962,"1,545",1,333,478
39773337144/30/2016,3977333714,4/30/2016,Sat,"13,238",9.20,3.69,2.10,3.41,0.00,43,52,194,687,976,"1,650",1,237,382
39773337145/1/2016,3977333714,5/1/2016,Sun,"10,414",7.07,2.67,1.98,2.41,0.00,41,40,124,691,896,"1,501",1,383,626
39773337145/2/2016,3977333714,5/2/2016,Mon,"16,520",11.05,1.54,6.48,3.02,0.00,24,143,176,713,1056,"1,760",1,230,384
39773337145/3/2016,3977333714,5/3/2016,Tue,"14,335",9.59,3.32,1.74,4.53,0.00,47,41,258,594,940,"1,710",1,292,500
39773337145/4/2016,3977333714,5/4/2016,Wed,"13,559",9.44,1.81,4.58,2.89,0.00,14,96,142,852,1104,"1,628",1,213,336
39773337145/5/2016,3977333714,5/5/2016,Thu,"12,312",8.58,1.76,4.11,2.71,0.00,14,88,178,680,960,"1,618",1,318,480
39773337145/6/2016,3977333714,5/6/2016,Fri,"11,677",8.28,3.11,2.51,2.67,0.00,29,55,168,676,928,"1,590",1,323,512
39773337145/7/2016,3977333714,5/7/2016,Sat,"11,550",7.73,0.00,4.13,3.59,0.00,0,86,208,703,997,"1,574",1,237,443
39773337145/8/2016,3977333714,5/8/2016,Sun,"13,585",9.09,0.68,5.24,3.17,0.00,9,116,171,688,984,"1,633",2,259,456
39773337145/9/2016,3977333714,5/9/2016,Mon,"14,687",10.08,0.77,5.60,3.55,0.00,8,122,151,1159,1440,"1,667",0,0,0
39773337145/10/2016,3977333714,5/10/2016,Tue,"13,072",8.78,0.07,5.40,3.31,0.00,1,115,196,676,988,"1,630",1,312,452
39773337145/11/2016,3977333714,5/11/2016,Wed,746,0.50,0.37,0.00,0.13,0.00,4,0,9,13,26,52,0,0,0
40203326504/12/2016,4020332650,4/12/2016,Tue,"8,539",6.12,0.15,0.24,5.68,0.00,4,15,331,712,1062,"3,654",1,501,541
40203326504/14/2016,4020332650,4/14/2016,Thu,108,0.08,0.00,0.00,0.03,0.00,0,0,3,1437,1440,"2,011",0,0,0
40203326504/15/2016,4020332650,4/15/2016,Fri,"1,882",1.35,0.21,0.36,0.77,0.00,36,18,87,1299,1440,"2,951",0,0,0
40203326504/16/2016,4020332650,4/16/2016,Sat,"1,982",1.42,0.45,0.37,0.59,0.00,65,21,55,1222,1363,"3,051",1,77,77
40203326504/17/2016,4020332650,4/17/2016,Sun,16,0.01,0.00,0.00,0.01,0.00,0,0,2,1438,1440,"1,990",0,0,0
40203326504/18/2016,4020332650,4/18/2016,Mon,62,0.04,0.00,0.00,0.04,0.00,0,0,2,1438,1440,"1,995",0,0,0
40203326505/2/2016,4020332650,5/2/2016,Mon,475,0.34,0.00,0.04,0.29,0.00,0,11,31,1350,1392,"2,207",0,0,0
40203326505/3/2016,4020332650,5/3/2016,Tue,"4,496",3.22,0.00,0.00,3.15,0.05,0,0,174,950,1124,"2,828",1,322,332
40203326505/4/2016,4020332650,5/4/2016,Wed,"10,252",7.35,0.67,1.04,5.58,0.00,13,46,346,531,936,"3,879",1,478,536
40203326505/5/2016,4020332650,5/5/2016,Thu,"11,728",8.43,2.62,1.68,4.04,0.07,38,42,196,916,1192,"3,429",1,226,248
40203326505/6/2016,4020332650,5/6/2016,Fri,"4,369",3.13,0.00,0.00,3.10,0.01,0,0,177,855,1032,"2,704",1,385,408
40203326505/7/2016,4020332650,5/7/2016,Sat,"6,132",4.40,0.00,0.00,3.58,0.00,0,0,184,1256,1440,"2,975",0,0,0
40203326505/8/2016,4020332650,5/8/2016,Sun,"5,862",4.20,0.00,0.00,4.15,0.00,0,0,263,775,1038,"3,089",1,364,402
40203326505/9/2016,4020332650,5/9/2016,Mon,"4,556",3.27,0.20,0.12,2.94,0.00,3,5,173,1225,1406,"2,785",0,0,0
40203326505/10/2016,4020332650,5/10/2016,Tue,"5,546",3.98,0.00,0.00,3.87,0.04,0,0,206,774,980,"2,926",1,442,494
40203326505/11/2016,4020332650,5/11/2016,Wed,"3,689",2.65,0.11,0.17,2.33,0.00,2,8,134,1296,1440,"2,645",0,0,0
40203326505/12/2016,4020332650,5/12/2016,Thu,590,0.42,0.00,0.00,0.41,0.00,0,0,21,721,742,"1,120",0,0,0
40571929124/12/2016,4057192912,4/12/2016,Tue,"5,394",4.03,0.00,0.00,3.94,0.00,0,0,164,1276,1440,"2,286",0,0,0
40571929124/13/2016,4057192912,4/13/2016,Wed,"5,974",4.47,0.00,0.00,4.37,0.00,0,0,160,1280,1440,"2,306",0,0,0
40571929124/15/2016,4057192912,4/15/2016,Fri,"3,984",2.95,0.21,0.26,2.44,0.00,3,6,88,873,970,"1,527",0,0,0
43197035774/13/2016,4319703577,4/13/2016,Wed,"8,204",5.50,0.53,0.59,1.31,0.00,8,15,96,1234,1353,"2,135",0,0,0
43197035774/14/2016,4319703577,4/14/2016,Thu,"10,210",6.88,0.11,0.33,6.44,0.00,1,9,339,589,938,"2,302",1,535,557
43197035774/15/2016,4319703577,4/15/2016,Fri,"5,664",3.80,0.00,0.00,3.80,0.00,0,0,228,752,980,"1,985",1,465,491
43197035774/16/2016,4319703577,4/16/2016,Sat,"4,744",3.18,0.00,0.00,3.18,0.00,0,0,194,724,918,"1,884",1,506,522
43197035774/17/2016,4319703577,4/17/2016,Sun,29,0.02,0.00,0.00,0.02,0.00,0,0,3,1363,1366,"1,464",0,0,0
43197035774/18/2016,4319703577,4/18/2016,Mon,"2,276",1.55,0.07,0.33,1.12,0.00,1,9,58,824,892,"1,632",1,515,551
43197035774/19/2016,4319703577,4/19/2016,Tue,"8,925",5.99,0.00,0.00,5.99,0.00,0,0,311,604,915,"2,200",2,461,498
43197035774/20/2016,4319703577,4/20/2016,Wed,"8,954",6.01,0.00,0.68,5.31,0.00,0,18,306,671,995,"2,220",1,523,543
43197035774/21/2016,4319703577,4/21/2016,Thu,"3,702",2.48,0.00,0.00,0.35,0.00,0,0,34,1265,1299,"1,792",1,59,65
43197035774/22/2016,4319703577,4/22/2016,Fri,"4,500",3.02,0.06,0.81,2.15,0.00,1,19,176,709,905,"1,886",1,533,550
43197035774/23/2016,4319703577,4/23/2016,Sat,"4,935",3.31,0.00,0.00,3.31,0.00,0,0,233,546,779,"1,945",1,692,722
43197035774/24/2016,4319703577,4/24/2016,Sun,"4,081",2.74,0.06,0.20,2.47,0.00,1,5,191,692,889,"1,880",1,467,501
43197035774/25/2016,4319703577,4/25/2016,Mon,"9,259",6.21,0.00,0.28,5.93,0.00,0,8,390,544,942,"2,314",1,488,506
43197035774/26/2016,4319703577,4/26/2016,Tue,"9,899",6.64,0.57,0.92,5.15,0.00,8,21,288,649,966,"2,236",1,505,516
43197035774/27/2016,4319703577,4/27/2016,Wed,"10,780",7.23,0.41,1.92,4.91,0.00,6,47,300,680,1033,"2,324",1,286,307
43197035774/28/2016,4319703577,4/28/2016,Thu,"10,817",7.28,1.01,0.33,5.94,0.00,13,8,359,552,932,"2,367",1,497,522
43197035774/29/2016,4319703577,4/29/2016,Fri,"7,990",5.36,0.45,0.79,4.12,0.00,6,18,289,624,937,"2,175",1,523,546
43197035774/30/2016,4319703577,4/30/2016,Sat,"8,221",5.52,0.40,1.61,3.51,0.00,6,38,196,695,935,"2,092",1,490,516
43197035775/1/2016,4319703577,5/1/2016,Sun,"1,251",0.84,0.00,0.00,0.84,0.00,0,0,67,836,903,"1,593",1,484,500
43197035775/2/2016,4319703577,5/2/2016,Mon,"9,261",6.24,0.00,0.44,5.71,0.00,0,11,344,585,940,"2,270",1,478,506
43197035775/3/2016,4319703577,5/3/2016,Tue,"9,648",6.47,0.58,1.07,4.83,0.00,8,26,287,669,990,"2,235",1,474,512
43197035775/4/2016,4319703577,5/4/2016,Wed,"10,429",7.02,0.59,0.58,5.85,0.00,8,13,313,1106,1440,"2,282",0,0,0
43197035775/5/2016,4319703577,5/5/2016,Thu,"13,658",9.49,2.63,1.41,5.45,0.00,27,34,328,957,1346,"2,530",0,0,0
43197035775/6/2016,4319703577,5/6/2016,Fri,"9,524",6.42,0.41,0.47,5.46,0.00,6,11,314,692,1023,"2,266",1,450,491
43197035775/7/2016,4319703577,5/7/2016,Sat,"7,937",5.33,0.19,1.05,4.08,0.00,3,28,279,586,896,"2,158",1,507,530
43197035775/8/2016,4319703577,5/8/2016,Sun,"3,672",2.46,0.00,0.00,2.46,0.00,0,0,153,603,756,"1,792",1,602,638
43197035775/9/2016,4319703577,5/9/2016,Mon,"10,378",6.96,0.14,0.56,6.25,0.00,2,14,374,490,880,"2,345",1,535,565
43197035775/10/2016,4319703577,5/10/2016,Tue,"9,487",6.37,0.21,0.46,5.70,0.00,3,12,329,555,899,"2,260",1,487,517
43197035775/11/2016,4319703577,5/11/2016,Wed,"9,129",6.13,0.20,0.74,5.18,0.00,3,18,311,574,906,"2,232",1,529,558
43197035775/12/2016,4319703577,5/12/2016,Thu,17,0.01,0.00,0.00,0.01,0.00,0,0,2,0,2,257,1,302,321
43881618474/13/2016,4388161847,4/13/2016,Wed,"10,993",8.45,0.06,0.63,3.88,0.00,1,14,150,1275,1440,"3,092",0,0,0
43881618474/14/2016,4388161847,4/14/2016,Thu,"8,863",6.82,0.13,1.07,5.62,0.00,10,35,219,945,1209,"2,998",0,0,0
43881618474/15/2016,4388161847,4/15/2016,Fri,"8,758",6.73,0.00,0.00,6.73,0.00,0,0,299,837,1136,"3,066",1,499,526
43881618474/16/2016,4388161847,4/16/2016,Sat,"6,580",5.06,0.21,0.40,4.45,0.00,6,9,253,609,877,"3,073",2,426,448
43881618474/17/2016,4388161847,4/17/2016,Sun,"4,660",3.58,0.00,0.00,3.58,0.00,0,0,201,721,922,"2,572",2,619,641
43881618474/18/2016,4388161847,4/18/2016,Mon,"11,009",9.10,3.56,0.40,5.14,0.00,27,8,239,1017,1291,"3,274",1,99,104
43881618474/19/2016,4388161847,4/19/2016,Tue,"10,181",7.83,1.37,0.69,5.77,0.00,20,16,249,704,989,"3,015",1,329,338
43881618474/20/2016,4388161847,4/20/2016,Wed,"10,553",8.12,1.10,1.72,5.29,0.00,19,42,228,696,985,"3,083",1,421,451
43881618474/21/2016,4388161847,4/21/2016,Thu,"10,055",7.73,0.37,0.39,6.98,0.00,7,12,272,853,1144,"3,069",1,442,458
43881618474/22/2016,4388161847,4/22/2016,Fri,"12,139",9.34,3.30,1.11,4.92,0.00,77,25,220,945,1267,"3,544",1,82,85
43881618474/23/2016,4388161847,4/23/2016,Sat,"13,236",10.18,4.50,0.32,5.35,0.00,58,5,215,749,1027,"3,306",1,478,501
43881618474/24/2016,4388161847,4/24/2016,Sun,"10,243",7.88,1.08,0.51,6.30,0.00,14,8,239,584,845,"2,885",3,552,595
43881618474/25/2016,4388161847,4/25/2016,Mon,"12,961",9.97,0.73,1.40,7.84,0.00,11,31,301,1054,1397,"3,288",0,0,0
43881618474/26/2016,4388161847,4/26/2016,Tue,"9,461",7.28,0.94,1.06,5.27,0.00,14,23,224,673,934,"2,929",1,319,346
43881618474/27/2016,4388161847,4/27/2016,Wed,"11,193",8.61,0.70,2.51,5.39,0.00,11,48,241,684,984,"3,074",1,439,500
43881618474/28/2016,4388161847,4/28/2016,Thu,"10,074",7.75,1.29,0.43,6.03,0.00,19,9,234,878,1140,"2,969",1,428,458
43881618474/29/2016,4388161847,4/29/2016,Fri,"9,232",7.10,0.80,0.89,5.42,0.00,13,16,236,1175,1440,"2,979",0,0,0
43881618474/30/2016,4388161847,4/30/2016,Sat,"12,533",9.64,0.70,2.00,6.94,0.00,14,43,300,537,894,"3,283",2,409,430
43881618475/1/2016,4388161847,5/1/2016,Sun,"10,255",7.89,1.01,0.68,6.20,0.00,12,15,241,579,847,"2,926",1,547,597
43881618475/2/2016,4388161847,5/2/2016,Mon,"10,096",8.40,3.77,0.08,4.55,0.00,33,4,204,935,1176,"3,147",2,368,376
43881618475/3/2016,4388161847,5/3/2016,Tue,"12,727",9.79,1.13,0.78,7.88,0.00,18,18,306,984,1326,"3,290",0,0,0
43881618475/4/2016,4388161847,5/4/2016,Wed,"12,375",9.52,2.79,0.93,5.80,0.00,35,21,251,632,939,"3,162",1,390,414
43881618475/5/2016,4388161847,5/5/2016,Thu,"9,603",7.38,0.63,1.67,5.09,0.00,12,39,199,896,1146,"2,899",1,471,495
43881618475/6/2016,4388161847,5/6/2016,Fri,"13,175",10.13,2.11,2.09,5.93,0.00,33,45,262,1100,1440,"3,425",0,0,0
43881618475/7/2016,4388161847,5/7/2016,Sat,"22,770",17.54,9.45,2.77,5.33,0.00,120,56,260,508,944,"4,022",1,472,496
43881618475/8/2016,4388161847,5/8/2016,Sun,"17,298",14.38,9.89,1.26,3.23,0.00,107,38,178,576,899,"3,934",2,529,541
43881618475/9/2016,4388161847,5/9/2016,Mon,"10,218",7.86,0.34,0.73,6.79,0.00,6,19,258,1020,1303,"3,013",1,62,65
43881618475/10/2016,4388161847,5/10/2016,Tue,"10,299",7.92,0.81,0.65,6.46,0.00,13,14,267,648,942,"3,061",1,354,375
43881618475/11/2016,4388161847,5/11/2016,Wed,"10,201",7.84,0.53,0.79,6.53,0.00,8,18,256,858,1140,"2,954",1,469,494
43881618475/12/2016,4388161847,5/12/2016,Thu,"3,369",2.59,0.00,0.00,2.59,0.00,0,0,108,825,933,"1,623",0,0,0
44451149864/12/2016,4445114986,4/12/2016,Tue,"3,276",2.20,0.00,0.00,2.20,0.00,0,0,196,787,983,"2,113",2,429,457
44451149864/13/2016,4445114986,4/13/2016,Wed,"2,961",1.99,0.00,0.00,1.99,0.00,0,0,194,840,1034,"2,095",2,370,406
44451149864/14/2016,4445114986,4/14/2016,Thu,"3,974",2.67,0.00,0.00,2.67,0.00,0,0,231,717,948,"2,194",1,441,492
44451149864/15/2016,4445114986,4/15/2016,Fri,"7,198",4.83,0.00,0.00,4.83,0.00,0,0,350,711,1061,"2,496",2,337,379
44451149864/16/2016,4445114986,4/16/2016,Sat,"3,945",2.65,0.00,0.00,2.65,0.00,0,0,225,716,941,"2,180",1,462,499
44451149864/17/2016,4445114986,4/17/2016,Sun,"2,268",1.52,0.00,0.00,1.52,0.00,0,0,114,1219,1333,"1,933",1,98,107
44451149864/18/2016,4445114986,4/18/2016,Mon,"6,155",4.24,2.00,0.29,1.95,0.00,25,6,162,1247,1440,"2,248",0,0,0
44451149864/19/2016,4445114986,4/19/2016,Tue,"2,064",1.39,0.00,0.00,1.39,0.00,0,0,121,895,1016,"1,954",2,388,424
44451149864/20/2016,4445114986,4/20/2016,Wed,"2,072",1.39,0.00,0.00,1.39,0.00,0,0,137,841,978,"1,974",1,439,462
44451149864/21/2016,4445114986,4/21/2016,Thu,"3,809",2.56,0.00,0.00,2.54,0.00,0,0,215,756,971,"2,150",1,436,469
44451149864/22/2016,4445114986,4/22/2016,Fri,"6,831",4.58,0.00,0.00,4.58,0.00,0,0,317,706,1023,"2,432",1,388,417
44451149864/23/2016,4445114986,4/23/2016,Sat,"4,363",2.93,0.00,0.00,2.93,0.00,0,0,201,1239,1440,"2,149",0,0,0
44451149864/24/2016,4445114986,4/24/2016,Sun,"5,002",3.36,0.00,0.00,3.36,0.00,0,0,244,1196,1440,"2,247",0,0,0
44451149864/25/2016,4445114986,4/25/2016,Mon,"3,385",2.27,0.00,0.00,2.27,0.00,0,0,179,916,1095,"2,070",1,328,345
44451149864/26/2016,4445114986,4/26/2016,Tue,"6,326",4.41,2.41,0.04,1.96,0.00,29,1,180,839,1049,"2,291",2,353,391
44451149864/27/2016,4445114986,4/27/2016,Wed,"7,243",5.03,2.62,0.03,2.38,0.00,32,1,194,839,1066,"2,361",1,332,374
44451149864/28/2016,4445114986,4/28/2016,Thu,"4,493",3.01,0.00,0.00,3.01,0.00,0,0,236,762,998,"2,203",1,419,442
44451149864/29/2016,4445114986,4/29/2016,Fri,"4,676",3.14,0.00,0.00,3.13,0.00,0,0,226,1106,1332,"2,196",1,106,108
44451149864/30/2016,4445114986,4/30/2016,Sat,"6,222",4.18,0.00,0.00,4.18,0.00,0,0,290,797,1087,"2,363",1,322,353
44451149865/1/2016,4445114986,5/1/2016,Sun,"5,232",3.51,0.00,0.00,3.51,0.00,0,0,240,741,981,"2,246",2,439,459
44451149865/2/2016,4445114986,5/2/2016,Mon,"6,910",4.75,2.21,0.19,2.35,0.00,27,4,200,667,898,"2,336",1,502,542
44451149865/3/2016,4445114986,5/3/2016,Tue,"7,502",5.18,2.48,0.11,2.58,0.00,30,2,233,725,990,"2,421",2,417,450
44451149865/4/2016,4445114986,5/4/2016,Wed,"2,923",1.96,0.00,0.00,1.96,0.00,0,0,180,897,1077,"2,070",2,337,363
44451149865/5/2016,4445114986,5/5/2016,Thu,"3,800",2.55,0.12,0.24,2.18,0.00,2,6,185,734,927,"2,120",2,462,513
44451149865/6/2016,4445114986,5/6/2016,Fri,"4,514",3.03,0.00,0.00,3.03,0.00,0,0,229,809,1038,"2,211",2,374,402
44451149865/7/2016,4445114986,5/7/2016,Sat,"5,183",3.59,2.13,0.19,1.25,0.00,26,4,108,866,1004,"2,123",2,401,436
44451149865/8/2016,4445114986,5/8/2016,Sun,"7,303",4.90,0.00,0.25,4.65,0.00,0,8,308,733,1049,"2,423",1,361,391
44451149865/9/2016,4445114986,5/9/2016,Mon,"5,275",3.54,0.00,0.00,3.54,0.00,0,0,266,641,907,"2,281",1,457,533
44451149865/10/2016,4445114986,5/10/2016,Tue,"3,915",2.63,0.00,0.00,2.63,0.00,0,0,231,783,1014,"2,181",1,405,426
44451149865/11/2016,4445114986,5/11/2016,Wed,"9,105",6.11,2.25,1.00,2.86,0.00,34,22,232,622,910,"2,499",1,499,530
44451149865/12/2016,4445114986,5/12/2016,Thu,768,0.52,0.00,0.00,0.52,0.00,0,0,58,380,438,"1,212",1,483,501
45586099244/12/2016,4558609924,4/12/2016,Tue,"5,135",3.39,0.00,0.00,3.39,0.00,0,0,318,1122,1440,"1,909",0,0,0
45586099244/13/2016,4558609924,4/13/2016,Wed,"4,978",3.29,1.24,0.44,1.61,0.00,19,7,127,1287,1440,"1,722",0,0,0
45586099244/14/2016,4558609924,4/14/2016,Thu,"6,799",4.49,0.00,0.00,4.49,0.00,0,0,279,1161,1440,"1,922",0,0,0
45586099244/15/2016,4558609924,4/15/2016,Fri,"7,795",5.15,0.59,0.84,3.73,0.00,17,30,262,1131,1440,"2,121",0,0,0
45586099244/16/2016,4558609924,4/16/2016,Sat,"7,289",4.82,0.55,0.75,3.50,0.00,8,12,308,1112,1440,"1,997",0,0,0
45586099244/17/2016,4558609924,4/17/2016,Sun,"9,634",6.40,0.55,1.14,4.71,0.00,7,19,304,1110,1440,"2,117",0,0,0
45586099244/18/2016,4558609924,4/18/2016,Mon,"8,940",5.91,0.98,0.93,4.00,0.00,14,15,331,1080,1440,"2,116",0,0,0
45586099244/19/2016,4558609924,4/19/2016,Tue,"5,401",3.57,0.05,0.36,3.16,0.00,1,9,248,1182,1440,"1,876",0,0,0
45586099244/20/2016,4558609924,4/20/2016,Wed,"4,803",3.17,0.00,0.00,3.17,0.00,0,0,222,1218,1440,"1,788",0,0,0
45586099244/21/2016,4558609924,4/21/2016,Thu,"13,743",9.08,0.42,0.97,7.70,0.00,6,21,432,844,1303,"2,486",1,126,137
45586099244/22/2016,4558609924,4/22/2016,Fri,"9,601",6.35,1.37,1.50,3.47,0.00,20,25,273,1122,1440,"2,094",0,0,0
45586099244/23/2016,4558609924,4/23/2016,Sat,"6,890",4.55,0.34,0.20,4.01,0.00,5,5,308,1122,1440,"2,085",0,0,0
45586099244/24/2016,4558609924,4/24/2016,Sun,"8,563",5.66,0.00,0.00,5.65,0.00,0,0,395,1045,1440,"2,173",0,0,0
45586099244/25/2016,4558609924,4/25/2016,Mon,"8,095",5.35,0.59,0.25,4.51,0.00,18,10,340,993,1361,"2,225",0,0,0
45586099244/26/2016,4558609924,4/26/2016,Tue,"9,148",6.05,0.43,2.03,3.59,0.00,12,41,283,1062,1398,"2,223",1,103,121
45586099244/27/2016,4558609924,4/27/2016,Wed,"9,557",6.32,1.96,0.89,3.46,0.00,27,14,312,1087,1440,"2,098",0,0,0
45586099244/28/2016,4558609924,4/28/2016,Thu,"9,451",6.25,0.02,0.27,5.95,0.00,1,11,367,985,1364,"2,185",0,0,0
45586099244/29/2016,4558609924,4/29/2016,Fri,"7,833",5.18,1.02,1.85,2.31,0.00,15,29,197,1096,1337,"1,918",1,171,179
45586099244/30/2016,4558609924,4/30/2016,Sat,"10,319",6.82,0.47,1.89,4.46,0.00,7,29,293,1111,1440,"2,105",0,0,0
45586099245/1/2016,4558609924,5/1/2016,Sun,"3,428",2.27,0.00,0.00,2.27,0.00,0,0,190,1121,1311,"1,692",1,115,129
45586099245/2/2016,4558609924,5/2/2016,Mon,"7,891",5.22,0.00,0.00,5.22,0.00,0,0,383,1057,1440,"2,066",0,0,0
45586099245/3/2016,4558609924,5/3/2016,Tue,"5,267",3.48,0.60,0.28,2.60,0.00,21,10,237,1172,1440,"1,953",0,0,0
45586099245/4/2016,4558609924,5/4/2016,Wed,"5,232",3.46,0.00,0.00,3.46,0.00,0,0,252,1188,1440,"1,842",0,0,0
45586099245/5/2016,4558609924,5/5/2016,Thu,"10,611",7.01,1.01,0.50,5.51,0.00,14,8,370,1048,1440,"2,262",0,0,0
45586099245/6/2016,4558609924,5/6/2016,Fri,"3,755",2.48,0.00,0.00,2.48,0.00,0,0,202,1238,1440,"1,722",0,0,0
45586099245/7/2016,4558609924,5/7/2016,Sat,"8,237",5.44,1.61,1.00,2.83,0.00,23,16,233,1116,1388,"1,973",0,0,0
45586099245/8/2016,4558609924,5/8/2016,Sun,"6,543",4.33,1.80,0.50,2.02,0.00,66,35,238,1019,1358,"2,666",1,123,134
45586099245/9/2016,4558609924,5/9/2016,Mon,"11,451",7.57,0.43,1.62,5.52,0.00,6,30,339,1065,1440,"2,223",0,0,0
45586099245/10/2016,4558609924,5/10/2016,Tue,"6,435",4.25,0.74,1.12,2.39,0.00,11,18,220,1191,1440,"1,889",0,0,0
45586099245/11/2016,4558609924,5/11/2016,Wed,"9,108",6.02,0.26,1.82,3.94,0.00,4,31,324,1081,1440,"2,131",0,0,0
45586099245/12/2016,4558609924,5/12/2016,Thu,"6,307",4.17,0.00,0.00,4.17,0.00,0,0,247,736,983,"1,452",0,0,0
47029216844/12/2016,4702921684,4/12/2016,Tue,"7,213",5.88,0.00,0.00,5.85,0.00,0,0,263,718,981,"2,947",1,425,439
47029216844/13/2016,4702921684,4/13/2016,Wed,"6,877",5.58,0.00,0.00,5.58,0.00,0,0,258,777,1035,"2,898",2,400,430
47029216844/14/2016,4702921684,4/14/2016,Thu,"7,860",6.37,0.00,0.00,6.37,0.00,0,0,271,772,1043,"2,984",1,384,415
47029216844/15/2016,4702921684,4/15/2016,Fri,"6,506",5.28,0.07,0.42,4.79,0.00,1,8,256,944,1209,"2,896",1,253,257
47029216844/16/2016,4702921684,4/16/2016,Sat,"11,140",9.03,0.24,1.25,7.54,0.00,3,24,335,556,918,"3,328",2,382,406
47029216844/17/2016,4702921684,4/17/2016,Sun,"12,692",10.29,0.96,3.46,5.88,0.00,12,66,302,437,817,"3,394",1,591,612
47029216844/18/2016,4702921684,4/18/2016,Mon,"9,105",7.38,1.82,1.49,4.07,0.00,22,30,191,890,1133,"3,013",1,293,312
47029216844/19/2016,4702921684,4/19/2016,Tue,"6,708",5.44,0.88,0.37,4.19,0.00,10,8,179,757,954,"2,812",1,457,487
47029216844/20/2016,4702921684,4/20/2016,Wed,"8,793",7.13,0.16,1.23,5.73,0.00,2,29,260,717,1008,"3,061",1,454,468
47029216844/21/2016,4702921684,4/21/2016,Thu,"6,530",5.30,0.31,2.05,2.94,0.00,4,41,144,901,1090,"2,729",1,425,434
47029216844/22/2016,4702921684,4/22/2016,Fri,"1,664",1.35,0.00,0.00,1.35,0.00,0,0,72,1341,1413,"2,241",0,0,0
47029216844/23/2016,4702921684,4/23/2016,Sat,"15,126",12.27,0.76,3.24,8.27,0.00,9,66,408,469,952,"3,691",1,465,475
47029216844/24/2016,4702921684,4/24/2016,Sun,"15,050",12.22,1.20,5.12,5.88,0.00,15,95,281,542,933,"3,538",1,480,506
47029216844/25/2016,4702921684,4/25/2016,Mon,"9,167",7.43,0.49,0.82,6.11,0.00,6,15,270,730,1021,"3,064",1,370,380
47029216844/26/2016,4702921684,4/26/2016,Tue,"6,108",4.95,0.07,0.35,4.54,0.00,1,8,216,765,990,"2,784",1,421,429
47029216844/27/2016,4702921684,4/27/2016,Wed,"7,047",5.72,0.09,0.80,4.78,0.00,1,16,238,733,988,"2,908",1,432,449
47029216844/28/2016,4702921684,4/28/2016,Thu,"9,023",7.32,1.13,0.42,5.77,0.00,14,9,232,738,993,"3,033",1,442,461
47029216844/29/2016,4702921684,4/29/2016,Fri,"9,930",8.05,1.06,0.92,6.07,0.00,12,19,267,692,990,"3,165",1,433,447
47029216844/30/2016,4702921684,4/30/2016,Sat,"10,144",8.23,0.32,2.03,5.88,0.00,4,36,263,728,1031,"3,115",1,479,501
47029216845/2/2016,4702921684,5/2/2016,Mon,"7,245",5.92,0.38,1.74,3.76,0.00,5,40,195,1131,1371,"2,859",0,0,0
47029216845/3/2016,4702921684,5/3/2016,Tue,"9,454",7.67,0.00,0.00,7.67,0.00,0,0,313,729,1042,"3,145",1,327,373
47029216845/4/2016,4702921684,5/4/2016,Wed,"8,161",6.62,0.34,0.73,5.54,0.00,4,15,251,757,1027,"3,004",1,412,434
47029216845/5/2016,4702921684,5/5/2016,Thu,"8,614",6.99,0.67,0.22,6.09,0.00,8,5,241,745,999,"3,006",1,414,428
47029216845/6/2016,4702921684,5/6/2016,Fri,"6,943",5.63,0.08,0.66,4.87,0.00,1,16,207,682,906,"2,859",1,404,449
47029216845/7/2016,4702921684,5/7/2016,Sat,"14,370",11.65,0.37,2.31,8.97,0.00,5,46,439,577,1067,"3,683",1,520,543
47029216845/8/2016,4702921684,5/8/2016,Sun,"12,857",10.43,0.68,6.21,3.54,0.00,9,125,192,1019,1345,"3,287",0,0,0
47029216845/9/2016,4702921684,5/9/2016,Mon,"8,232",6.68,0.00,0.57,6.10,0.00,0,12,253,746,1011,"2,990",1,435,458
47029216845/10/2016,4702921684,5/10/2016,Tue,"10,613",8.61,0.08,1.88,6.65,0.00,1,37,262,701,1001,"3,172",1,416,431
47029216845/11/2016,4702921684,5/11/2016,Wed,"9,810",7.96,0.78,2.16,4.98,0.00,10,41,235,784,1070,"3,069",1,354,366
47029216845/12/2016,4702921684,5/12/2016,Thu,"2,752",2.23,0.00,0.00,2.23,0.00,0,0,68,241,309,"1,240",1,404,442
55539574434/12/2016,5553957443,4/12/2016,Tue,"11,596",7.57,1.37,0.79,5.41,0.00,19,13,277,767,1076,"2,026",1,441,464
55539574434/13/2016,5553957443,4/13/2016,Wed,"4,832",3.16,0.00,0.00,3.16,0.00,0,0,226,647,873,"1,718",2,455,488
55539574434/14/2016,5553957443,4/14/2016,Thu,"17,022",11.12,4.00,2.45,4.67,0.00,61,41,256,693,1051,"2,324",1,357,418
55539574434/15/2016,5553957443,4/15/2016,Fri,"16,556",10.86,4.16,1.98,4.71,0.00,58,38,239,689,1024,"2,254",1,377,409
55539574434/16/2016,5553957443,4/16/2016,Sat,"5,771",3.77,0.00,0.00,3.77,0.00,0,0,288,521,809,"1,831",2,651,686
55539574434/17/2016,5553957443,4/17/2016,Sun,655,0.43,0.00,0.00,0.43,0.00,0,0,46,943,989,"1,397",1,350,402
55539574434/18/2016,5553957443,4/18/2016,Mon,"3,727",2.43,0.00,0.00,2.43,0.00,0,0,206,622,828,"1,683",2,520,541
55539574434/19/2016,5553957443,4/19/2016,Tue,"15,482",10.11,4.28,1.66,4.18,0.00,69,28,249,756,1102,"2,284",1,357,410
55539574434/20/2016,5553957443,4/20/2016,Wed,"2,713",1.77,0.00,0.00,1.77,0.00,0,0,148,598,746,"1,570",1,658,678
55539574434/21/2016,5553957443,4/21/2016,Thu,"12,346",8.06,2.95,2.16,2.96,0.00,47,42,177,801,1067,"2,066",1,399,431
55539574434/22/2016,5553957443,4/22/2016,Fri,"11,682",7.63,1.38,0.63,5.60,0.00,25,16,270,781,1092,"2,105",1,322,353
55539574434/23/2016,5553957443,4/23/2016,Sat,"4,112",2.69,0.00,0.00,2.68,0.00,0,0,272,443,715,"1,776",2,631,725
55539574434/24/2016,5553957443,4/24/2016,Sun,"1,807",1.18,0.00,0.00,1.18,0.00,0,0,104,582,686,"1,507",2,553,640
55539574434/25/2016,5553957443,4/25/2016,Mon,"10,946",7.19,2.93,0.57,3.69,0.00,51,11,201,732,995,"2,033",1,433,468
55539574434/26/2016,5553957443,4/26/2016,Tue,"11,886",7.76,2.37,0.93,4.46,0.00,40,18,238,750,1046,"2,093",1,412,453
55539574434/27/2016,5553957443,4/27/2016,Wed,"10,538",6.88,1.14,1.00,4.74,0.00,16,16,206,745,983,"1,922",1,347,391
55539574434/28/2016,5553957443,4/28/2016,Thu,"11,393",7.63,3.71,0.75,3.17,0.00,49,13,165,727,954,"1,999",1,421,457
55539574434/29/2016,5553957443,4/29/2016,Fri,"12,764",8.33,2.79,0.64,4.91,0.00,46,15,270,709,1040,"2,169",1,450,495
55539574434/30/2016,5553957443,4/30/2016,Sat,"1,202",0.78,0.00,0.00,0.78,0.00,0,0,84,506,590,"1,463",2,775,843
55539574435/1/2016,5553957443,5/1/2016,Sun,"5,164",3.37,0.00,0.00,3.37,0.00,0,0,237,436,673,"1,747",2,622,686
55539574435/2/2016,5553957443,5/2/2016,Mon,"9,769",6.38,1.06,0.41,4.90,0.00,23,9,227,724,983,"1,996",1,409,471
55539574435/3/2016,5553957443,5/3/2016,Tue,"12,848",8.39,1.50,1.20,5.68,0.00,26,29,247,812,1114,"2,116",1,380,429
55539574435/4/2016,5553957443,5/4/2016,Wed,"4,249",2.77,0.00,0.00,2.77,0.00,0,0,224,651,875,"1,698",1,447,470
55539574435/5/2016,5553957443,5/5/2016,Thu,"14,331",9.51,3.43,1.66,4.43,0.00,44,29,241,692,1006,"2,156",1,419,464
55539574435/6/2016,5553957443,5/6/2016,Fri,"9,632",6.29,1.52,0.54,4.23,0.00,21,9,229,761,1020,"1,916",1,400,434
55539574435/7/2016,5553957443,5/7/2016,Sat,"1,868",1.22,0.00,0.00,1.22,0.00,0,0,96,902,998,"1,494",1,442,470
55539574435/8/2016,5553957443,5/8/2016,Sun,"6,083",4.00,0.22,0.47,3.30,0.00,3,8,210,505,726,"1,762",1,568,608
55539574435/9/2016,5553957443,5/9/2016,Mon,"11,611",7.58,2.13,0.89,4.56,0.00,59,22,251,667,999,"2,272",1,453,494
55539574435/10/2016,5553957443,5/10/2016,Tue,"16,358",10.71,3.87,1.61,5.20,0.00,61,40,265,707,1073,"2,335",1,418,443
55539574435/11/2016,5553957443,5/11/2016,Wed,"4,926",3.22,0.00,0.00,3.22,0.00,0,0,195,628,823,"1,693",1,463,486
55539574435/12/2016,5553957443,5/12/2016,Thu,"3,121",2.04,0.58,0.40,1.06,0.00,8,6,48,222,284,741,1,438,475
55771503134/12/2016,5577150313,4/12/2016,Tue,"8,135",6.08,3.60,0.38,2.10,0.00,86,16,140,728,970,"3,405",1,419,438
55771503134/13/2016,5577150313,4/13/2016,Wed,"5,077",3.79,0.32,0.22,3.25,0.00,15,11,144,776,946,"2,551",1,432,458
55771503134/14/2016,5577150313,4/14/2016,Thu,"8,596",6.42,3.33,0.31,2.78,0.00,118,30,176,662,986,"4,022",1,477,497
55771503134/15/2016,5577150313,4/15/2016,Fri,"12,087",9.08,3.92,1.60,3.56,0.00,115,54,199,695,1063,"4,005",1,392,413
55771503134/16/2016,5577150313,4/16/2016,Sat,"14,269",10.66,6.64,1.28,2.73,0.00,184,56,158,472,870,"4,274",1,406,445
55771503134/17/2016,5577150313,4/17/2016,Sun,"12,231",9.14,5.98,0.83,2.32,0.00,200,37,159,525,921,"4,552",1,549,583
55771503134/18/2016,5577150313,4/18/2016,Mon,"9,893",7.39,4.86,0.72,1.82,0.00,114,32,130,623,899,"3,625",1,527,553
55771503134/19/2016,5577150313,4/19/2016,Tue,"12,574",9.42,7.02,0.64,1.76,0.00,108,23,111,733,975,"3,501",1,449,465
55771503134/20/2016,5577150313,4/20/2016,Wed,"8,330",6.22,4.12,0.34,1.76,0.00,87,16,113,773,989,"3,192",1,447,480
55771503134/21/2016,5577150313,4/21/2016,Thu,"10,830",8.09,3.65,1.66,2.78,0.00,110,74,175,670,1029,"4,018",1,414,437
55771503134/22/2016,5577150313,4/22/2016,Fri,"9,172",6.85,2.42,0.79,3.30,0.00,62,30,200,823,1115,"3,329",1,338,366
55771503134/23/2016,5577150313,4/23/2016,Sat,"7,638",5.71,1.21,0.36,4.14,0.00,24,24,223,627,898,"3,152",1,384,402
55771503134/24/2016,5577150313,4/24/2016,Sun,"15,764",11.78,7.65,2.15,1.98,0.00,210,65,141,425,841,"4,392",1,543,615
55771503134/25/2016,5577150313,4/25/2016,Mon,"6,393",4.78,1.35,0.67,2.76,0.00,61,38,214,743,1056,"3,374",1,421,461
55771503134/26/2016,5577150313,4/26/2016,Tue,"5,325",3.98,0.85,0.65,2.47,0.00,38,32,181,759,1010,"3,088",1,354,377
55771503134/27/2016,5577150313,4/27/2016,Wed,"6,805",5.14,1.81,0.40,2.93,0.00,63,16,190,773,1042,"3,294",1,424,452
55771503134/28/2016,5577150313,4/28/2016,Thu,"9,841",7.43,3.25,1.17,3.01,0.00,99,51,141,692,983,"3,580",1,361,372
55771503134/29/2016,5577150313,4/29/2016,Fri,"7,924",5.92,2.84,0.61,2.47,0.00,97,36,165,739,1037,"3,544",1,459,485
55771503134/30/2016,5577150313,4/30/2016,Sat,"12,363",9.24,5.83,0.79,2.61,0.00,207,45,163,621,1036,"4,501",1,412,433
55771503135/1/2016,5577150313,5/1/2016,Sun,"13,368",9.99,5.31,1.44,3.24,0.00,194,72,178,499,943,"4,546",1,379,398
55771503135/2/2016,5577150313,5/2/2016,Mon,"7,439",5.56,1.12,0.35,4.07,0.00,37,20,235,732,1024,"3,014",2,525,553
55771503135/3/2016,5577150313,5/3/2016,Tue,"11,045",8.25,4.52,0.15,3.57,0.00,97,8,212,580,897,"3,795",1,508,543
55771503135/4/2016,5577150313,5/4/2016,Wed,"5,206",3.89,1.56,0.25,2.08,0.00,25,9,141,631,806,"2,755",1,603,634
55771503135/5/2016,5577150313,5/5/2016,Thu,"7,550",5.64,2.50,0.47,2.67,0.00,45,21,143,1153,1362,"3,004",1,74,78
55771503135/6/2016,5577150313,5/6/2016,Fri,"4,950",3.70,1.93,0.32,1.45,0.00,41,16,79,1304,1440,"2,643",0,0,0
55771503135/9/2016,5577150313,5/9/2016,Mon,"3,421",2.56,1.43,0.14,0.99,0.00,34,11,70,1099,1214,"2,489",0,0,0
55771503135/10/2016,5577150313,5/10/2016,Tue,"8,869",6.65,2.56,0.75,3.35,0.00,104,37,194,639,974,"3,841",1,504,562
55771503135/11/2016,5577150313,5/11/2016,Wed,"4,038",3.04,1.83,0.30,0.89,0.00,45,15,63,257,380,"1,665",1,431,476
61176661604/15/2016,6117666160,4/15/2016,Fri,"14,019",10.59,0.00,0.28,10.30,0.00,0,6,513,921,1440,"2,865",0,0,0
61176661604/16/2016,6117666160,4/16/2016,Sat,"14,450",10.91,0.58,0.85,9.48,0.00,7,15,518,502,1042,"2,828",1,380,398
61176661604/17/2016,6117666160,4/17/2016,Sun,"7,150",5.40,0.00,0.00,5.40,0.00,0,0,312,702,1014,"2,225",2,336,350
61176661604/18/2016,6117666160,4/18/2016,Mon,"5,153",3.91,0.00,0.00,3.89,0.00,0,0,241,759,1000,"2,018",2,493,510
61176661604/19/2016,6117666160,4/19/2016,Tue,"11,135",8.41,0.00,0.00,8.41,0.00,0,0,480,425,905,"2,606",1,465,492
61176661604/20/2016,6117666160,4/20/2016,Wed,"10,449",8.02,2.03,0.48,5.52,0.00,26,10,349,587,972,"2,536",1,474,502
61176661604/21/2016,6117666160,4/21/2016,Thu,"19,542",15.01,0.98,0.40,5.62,0.00,11,19,294,579,903,"4,900",1,508,550
61176661604/22/2016,6117666160,4/22/2016,Fri,"8,206",6.20,0.00,0.00,6.20,0.00,0,0,402,413,815,"2,409",1,480,546
61176661604/23/2016,6117666160,4/23/2016,Sat,"11,495",8.68,0.00,0.00,8.68,0.00,0,0,512,468,980,"2,651",1,492,539
61176661604/24/2016,6117666160,4/24/2016,Sun,"7,623",5.76,0.00,0.00,5.76,0.00,0,0,362,711,1073,"2,305",1,353,367
61176661604/26/2016,6117666160,4/26/2016,Tue,"9,543",7.21,0.00,0.34,6.87,0.00,0,7,352,1077,1436,"2,450",0,0,0
61176661604/27/2016,6117666160,4/27/2016,Wed,"9,411",7.11,0.00,0.00,7.11,0.00,0,0,458,417,875,"2,576",1,542,557
61176661604/28/2016,6117666160,4/28/2016,Thu,"3,403",2.60,0.00,0.00,2.60,0.00,0,0,141,758,899,"1,879",1,393,416
61176661604/29/2016,6117666160,4/29/2016,Fri,"9,592",7.24,0.00,0.00,7.24,0.00,0,0,461,479,940,"2,560",1,600,636
61176661604/30/2016,6117666160,4/30/2016,Sat,"6,987",5.28,0.00,0.00,5.28,0.00,0,0,343,1040,1383,"2,275",0,0,0
61176661605/1/2016,6117666160,5/1/2016,Sun,"8,915",6.73,0.00,0.00,6.73,0.00,0,0,397,525,922,"2,361",1,507,575
61176661605/2/2016,6117666160,5/2/2016,Mon,"4,933",3.73,0.00,0.00,3.73,0.00,0,0,236,1204,1440,"2,044",0,0,0
61176661605/4/2016,6117666160,5/4/2016,Wed,"2,997",2.26,0.00,0.00,2.26,0.00,0,0,156,1279,1435,"1,902",0,0,0
61176661605/5/2016,6117666160,5/5/2016,Thu,"9,799",7.40,0.00,0.00,7.40,0.00,0,0,487,479,966,"2,636",1,392,415
61176661605/6/2016,6117666160,5/6/2016,Fri,"3,365",2.68,0.00,0.00,2.68,0.00,0,0,133,673,806,"1,838",2,658,698
61176661605/7/2016,6117666160,5/7/2016,Sat,"7,336",5.54,0.00,0.00,5.54,0.00,0,0,412,456,868,"2,469",2,498,507
61176661605/8/2016,6117666160,5/8/2016,Sun,"7,328",5.53,0.00,0.00,5.53,0.00,0,0,318,517,835,"2,250",1,555,603
61176661605/9/2016,6117666160,5/9/2016,Mon,"4,477",3.38,0.00,0.00,3.38,0.00,0,0,197,125,322,"1,248",1,492,522
62908550054/12/2016,6290855005,4/12/2016,Tue,"4,562",3.45,0.00,0.00,3.45,0.00,0,0,199,1241,1440,"2,560",0,0,0
62908550054/13/2016,6290855005,4/13/2016,Wed,"7,142",5.40,0.00,0.00,5.39,0.01,0,0,350,1090,1440,"2,905",0,0,0
62908550054/14/2016,6290855005,4/14/2016,Thu,"7,671",5.80,0.00,0.00,5.77,0.03,0,0,363,1077,1440,"2,952",0,0,0
62908550054/15/2016,6290855005,4/15/2016,Fri,"9,501",7.18,0.00,0.00,7.17,0.01,0,0,328,1112,1440,"2,896",0,0,0
62908550054/16/2016,6290855005,4/16/2016,Sat,"8,301",6.28,0.00,0.00,6.27,0.01,0,0,258,1182,1440,"2,783",0,0,0
62908550054/17/2016,6290855005,4/17/2016,Sun,"7,851",5.94,1.14,0.79,4.00,0.00,31,12,225,1172,1440,"3,171",0,0,0
62908550054/18/2016,6290855005,4/18/2016,Mon,"6,885",5.21,0.00,0.00,5.19,0.02,0,0,271,1169,1440,"2,766",0,0,0
62908550054/19/2016,6290855005,4/19/2016,Tue,"7,142",5.40,0.00,0.00,5.39,0.01,0,0,321,1119,1440,"2,839",0,0,0
62908550054/20/2016,6290855005,4/20/2016,Wed,"6,361",4.81,0.00,0.00,4.80,0.01,0,0,258,1182,1440,"2,701",0,0,0
62908550054/22/2016,6290855005,4/22/2016,Fri,"6,238",4.72,0.00,0.00,4.72,0.00,0,0,302,1138,1440,"2,796",0,0,0
62908550054/24/2016,6290855005,4/24/2016,Sun,"5,896",4.46,0.00,0.00,4.46,0.00,0,0,258,1182,1440,"2,703",0,0,0
62908550054/25/2016,6290855005,4/25/2016,Mon,"7,802",5.90,0.68,0.18,5.03,0.01,8,3,249,1180,1440,"2,771",0,0,0
62908550054/27/2016,6290855005,4/27/2016,Wed,"5,565",4.21,0.00,0.00,4.18,0.03,0,0,287,1153,1440,"2,743",0,0,0
62908550054/28/2016,6290855005,4/28/2016,Thu,"5,731",4.33,0.00,0.00,4.33,0.00,0,0,255,1185,1440,"2,687",0,0,0
62908550054/30/2016,6290855005,4/30/2016,Sat,"6,744",5.10,0.00,0.00,5.09,0.01,0,0,324,1116,1440,"2,843",0,0,0
62908550055/1/2016,6290855005,5/1/2016,Sun,"9,837",7.44,0.66,2.75,4.00,0.02,8,95,282,1055,1440,"3,327",0,0,0
62908550055/2/2016,6290855005,5/2/2016,Mon,"6,781",5.13,0.00,0.00,5.11,0.02,0,0,268,1172,1440,"2,725",0,0,0
62908550055/3/2016,6290855005,5/3/2016,Tue,"6,047",4.57,0.00,0.00,4.57,0.00,0,0,240,1200,1440,"2,671",0,0,0
62908550055/4/2016,6290855005,5/4/2016,Wed,"5,832",4.41,0.00,0.00,4.40,0.01,0,0,272,1168,1440,"2,718",0,0,0
62908550055/5/2016,6290855005,5/5/2016,Thu,"6,339",4.79,0.00,0.00,4.79,0.00,0,0,239,1201,1440,"2,682",0,0,0
62908550055/6/2016,6290855005,5/6/2016,Fri,"6,116",4.62,0.00,0.00,4.59,0.03,0,0,305,1135,1440,"2,806",0,0,0
62908550055/7/2016,6290855005,5/7/2016,Sat,"5,510",4.17,0.00,0.00,4.16,0.00,0,0,227,1213,1440,"2,613",0,0,0
62908550055/8/2016,6290855005,5/8/2016,Sun,"7,706",5.83,0.00,0.00,5.82,0.00,0,0,251,1189,1440,"2,712",0,0,0
62908550055/9/2016,6290855005,5/9/2016,Mon,"6,277",4.75,0.00,0.00,4.73,0.02,0,0,264,800,1064,"2,175",0,0,0
67758889554/13/2016,6775888955,4/13/2016,Wed,"4,053",2.91,1.11,0.58,1.22,0.00,17,18,85,1053,1173,"2,400",1,235,260
67758889554/14/2016,6775888955,4/14/2016,Thu,"5,162",3.70,0.87,0.86,1.97,0.00,14,24,105,863,1006,"2,507",1,423,441
67758889554/15/2016,6775888955,4/15/2016,Fri,"1,282",0.92,0.00,0.00,0.92,0.00,0,0,58,976,1034,"2,127",1,391,406
67758889554/16/2016,6775888955,4/16/2016,Sat,"4,732",3.39,2.52,0.81,0.06,0.00,36,18,9,1377,1440,"2,225",0,0,0
67758889554/17/2016,6775888955,4/17/2016,Sun,"2,497",1.79,0.35,1.13,0.31,0.00,5,24,19,1392,1440,"2,067",0,0,0
67758889554/18/2016,6775888955,4/18/2016,Mon,"8,294",5.95,2.00,0.77,3.17,0.00,30,31,146,1233,1440,"2,798",0,0,0
67758889554/20/2016,6775888955,4/20/2016,Wed,"10,771",7.72,3.77,1.74,2.22,0.00,70,113,178,1079,1440,"3,727",0,0,0
67758889554/22/2016,6775888955,4/22/2016,Fri,637,0.46,0.00,0.00,0.46,0.00,0,0,20,1420,1440,"1,922",0,0,0
67758889554/24/2016,6775888955,4/24/2016,Sun,"2,153",1.54,0.77,0.62,0.15,0.00,11,18,11,1400,1440,"2,053",0,0,0
67758889554/25/2016,6775888955,4/25/2016,Mon,"6,474",4.64,2.27,0.46,1.90,0.00,33,13,92,1302,1440,"2,484",0,0,0
67758889554/26/2016,6775888955,4/26/2016,Tue,"7,091",5.27,3.48,0.87,0.73,0.00,42,30,47,1321,1440,"2,584",0,0,0
67758889554/28/2016,6775888955,4/28/2016,Thu,703,0.50,0.06,0.20,0.24,0.00,2,13,15,1410,1440,"1,993",0,0,0
67758889554/30/2016,6775888955,4/30/2016,Sat,"2,503",1.79,0.16,0.16,1.48,0.00,3,9,84,1344,1440,"2,280",0,0,0
67758889555/1/2016,6775888955,5/1/2016,Sun,"2,487",1.78,0.48,0.62,0.68,0.00,9,34,50,1347,1440,"2,319",0,0,0
67758889555/3/2016,6775888955,5/3/2016,Tue,9,0.01,0.00,0.00,0.01,0.00,0,0,1,1439,1440,"1,843",0,0,0
67758889555/6/2016,6775888955,5/6/2016,Fri,"4,697",3.37,0.47,0.93,1.93,0.00,12,35,75,1318,1440,"2,496",0,0,0
67758889555/7/2016,6775888955,5/7/2016,Sat,"1,967",1.41,0.13,0.24,1.05,0.00,2,5,49,551,607,"1,032",0,0,0
69621810674/12/2016,6962181067,4/12/2016,Tue,"10,199",6.74,3.40,0.83,2.51,0.00,50,14,189,796,1049,"1,994",1,366,387
69621810674/13/2016,6962181067,4/13/2016,Wed,"5,652",3.74,0.57,1.21,1.96,0.00,8,24,142,548,722,"1,718",3,630,679
69621810674/14/2016,6962181067,4/14/2016,Thu,"1,551",1.03,0.00,0.00,1.03,0.00,0,0,86,862,948,"1,466",2,508,535
69621810674/15/2016,6962181067,4/15/2016,Fri,"5,563",3.68,0.00,0.00,3.68,0.00,0,0,217,837,1054,"1,756",1,370,386
69621810674/16/2016,6962181067,4/16/2016,Sat,"13,217",8.74,3.66,0.19,4.88,0.00,50,3,280,741,1074,"2,173",1,357,366
69621810674/17/2016,6962181067,4/17/2016,Sun,"10,145",6.71,0.33,0.68,5.69,0.00,5,13,295,634,947,"2,027",1,427,446
69621810674/18/2016,6962181067,4/18/2016,Mon,"11,404",7.54,0.83,2.39,4.32,0.00,13,42,238,689,982,"2,039",1,442,458
69621810674/19/2016,6962181067,4/19/2016,Tue,"10,742",7.10,2.10,2.13,2.87,0.00,35,41,195,659,930,"2,046",1,476,535
69621810674/20/2016,6962181067,4/20/2016,Wed,"13,928",9.55,4.28,0.19,5.09,0.00,48,4,297,639,988,"2,174",1,418,424
69621810674/21/2016,6962181067,4/21/2016,Thu,"11,835",9.71,3.99,2.10,3.51,0.11,53,27,214,708,1002,"2,179",1,451,457
69621810674/22/2016,6962181067,4/22/2016,Fri,"10,725",7.09,1.77,1.55,3.77,0.00,30,33,240,659,962,"2,086",1,425,435
69621810674/23/2016,6962181067,4/23/2016,Sat,"20,031",13.24,4.20,2.00,7.04,0.00,58,41,347,484,930,"2,571",1,528,546
69621810674/24/2016,6962181067,4/24/2016,Sun,"5,029",3.32,0.00,0.00,3.32,0.00,0,0,199,720,919,"1,705",1,511,514
69621810674/25/2016,6962181067,4/25/2016,Mon,"13,239",9.27,3.02,1.68,4.46,0.10,35,31,282,637,985,"2,194",1,400,415
69621810674/26/2016,6962181067,4/26/2016,Tue,"10,433",6.90,2.58,0.42,3.90,0.00,36,7,254,680,977,"2,012",1,441,446
69621810674/27/2016,6962181067,4/27/2016,Wed,"10,320",6.82,0.55,2.02,4.25,0.00,7,38,279,697,1021,"2,034",1,455,467
69621810674/28/2016,6962181067,4/28/2016,Thu,"12,627",8.35,2.51,0.24,5.59,0.00,38,8,288,621,955,"2,182",1,440,453
69621810674/29/2016,6962181067,4/29/2016,Fri,"10,762",7.11,0.82,0.48,5.81,0.00,12,15,369,645,1041,"2,254",1,433,447
69621810674/30/2016,6962181067,4/30/2016,Sat,"10,081",6.66,2.24,0.76,3.67,0.00,32,16,237,731,1016,"2,002",1,422,424
69621810675/1/2016,6962181067,5/1/2016,Sun,"5,454",3.61,0.00,0.00,3.61,0.00,0,0,215,722,937,"1,740",1,411,426
69621810675/2/2016,6962181067,5/2/2016,Mon,"12,912",8.54,1.20,2.00,5.34,0.00,18,39,313,655,1025,"2,162",1,466,482
69621810675/3/2016,6962181067,5/3/2016,Tue,"12,109",8.12,1.74,2.04,4.33,0.00,21,36,267,654,978,"2,072",1,394,418
69621810675/4/2016,6962181067,5/4/2016,Wed,"10,147",6.71,0.47,1.68,4.55,0.00,15,36,284,683,1018,"2,086",1,442,455
69621810675/5/2016,6962181067,5/5/2016,Thu,"10,524",6.96,0.99,1.16,4.81,0.00,14,22,305,591,932,"2,066",1,467,491
69621810675/6/2016,6962181067,5/6/2016,Fri,"5,908",3.91,0.00,0.00,3.91,0.00,0,0,299,717,1016,"1,850",1,443,462
69621810675/7/2016,6962181067,5/7/2016,Sat,"6,815",4.50,0.00,0.00,4.50,0.00,0,0,328,745,1073,"1,947",1,298,334
69621810675/8/2016,6962181067,5/8/2016,Sun,"4,188",2.77,0.00,0.52,2.25,0.00,0,14,151,709,874,"1,659",1,541,569
69621810675/9/2016,6962181067,5/9/2016,Mon,"12,342",8.72,3.90,1.18,3.65,0.00,43,21,231,607,902,"2,105",1,489,497
69621810675/10/2016,6962181067,5/10/2016,Tue,"15,448",10.21,3.47,1.75,4.99,0.00,62,34,275,626,997,"2,361",1,469,481
69621810675/11/2016,6962181067,5/11/2016,Wed,"6,722",4.44,1.49,0.31,2.65,0.00,24,7,199,709,939,"1,855",1,452,480
69621810675/12/2016,6962181067,5/12/2016,Thu,"3,587",2.37,0.00,0.25,2.11,0.00,0,8,105,127,240,928,1,516,535
70077441714/12/2016,7007744171,4/12/2016,Tue,"14,172",10.29,4.50,0.38,5.41,0.00,53,8,355,1024,1440,"2,937",0,0,0
70077441714/13/2016,7007744171,4/13/2016,Wed,"12,862",9.65,4.61,0.56,4.48,0.00,56,22,261,1101,1440,"2,742",0,0,0
70077441714/14/2016,7007744171,4/14/2016,Thu,"11,179",8.24,2.95,0.34,4.96,0.00,34,6,304,1096,1440,"2,668",0,0,0
70077441714/15/2016,7007744171,4/15/2016,Fri,"5,273",3.53,0.00,0.00,3.53,0.00,0,0,202,1238,1440,"2,098",0,0,0
70077441714/16/2016,7007744171,4/16/2016,Sat,"4,631",3.10,0.00,0.00,3.10,0.00,0,0,203,1155,1358,"2,076",1,79,82
70077441714/17/2016,7007744171,4/17/2016,Sun,"8,059",5.39,0.00,0.00,5.39,0.00,0,0,305,1135,1440,"2,383",0,0,0
70077441714/18/2016,7007744171,4/18/2016,Mon,"14,816",10.98,3.79,2.12,5.05,0.02,48,31,284,1077,1440,"2,832",0,0,0
70077441714/19/2016,7007744171,4/19/2016,Tue,"14,194",10.48,4.41,0.76,5.31,0.00,53,17,304,1066,1440,"2,812",0,0,0
70077441714/20/2016,7007744171,4/20/2016,Wed,"15,566",11.31,4.79,0.67,5.86,0.00,60,33,347,1000,1440,"3,096",0,0,0
70077441714/21/2016,7007744171,4/21/2016,Thu,"13,744",9.19,2.15,1.87,5.17,0.00,30,34,327,1049,1440,"2,763",0,0,0
70077441714/22/2016,7007744171,4/22/2016,Fri,"15,299",10.24,4.10,1.76,4.37,0.00,64,50,261,1065,1440,"2,889",0,0,0
70077441714/23/2016,7007744171,4/23/2016,Sat,"8,093",5.41,0.13,1.13,4.15,0.00,2,25,223,1190,1440,"2,284",0,0,0
70077441714/24/2016,7007744171,4/24/2016,Sun,"11,085",7.42,0.00,0.00,7.42,0.00,0,0,419,1021,1440,"2,667",0,0,0
70077441714/25/2016,7007744171,4/25/2016,Mon,"18,229",13.34,4.31,1.37,7.67,0.00,51,24,379,986,1440,"3,055",0,0,0
70077441714/26/2016,7007744171,4/26/2016,Tue,"15,090",10.10,0.93,0.94,8.23,0.00,16,22,424,978,1440,"2,939",0,0,0
70077441714/27/2016,7007744171,4/27/2016,Wed,"13,541",10.22,4.27,0.66,5.29,0.00,50,12,337,1041,1440,"2,830",0,0,0
70077441714/28/2016,7007744171,4/28/2016,Thu,"15,128",10.12,1.09,0.77,8.26,0.00,16,16,401,1007,1440,"2,836",0,0,0
70077441714/29/2016,7007744171,4/29/2016,Fri,"20,067",14.30,4.31,2.05,7.95,0.00,55,42,382,961,1440,"3,180",0,0,0
70077441714/30/2016,7007744171,4/30/2016,Sat,"3,761",2.52,0.00,0.00,2.52,0.00,0,0,200,1240,1440,"2,051",0,0,0
70077441715/1/2016,7007744171,5/1/2016,Sun,"5,600",3.75,0.00,0.00,3.75,0.00,0,0,237,1142,1379,"2,225",1,58,61
70077441715/2/2016,7007744171,5/2/2016,Mon,"13,041",9.18,4.64,0.70,3.83,0.00,64,14,250,1112,1440,"2,642",0,0,0
70077441715/3/2016,7007744171,5/3/2016,Tue,"14,510",10.87,4.48,1.02,5.36,0.00,58,31,330,1021,1440,"2,976",0,0,0
70077441715/5/2016,7007744171,5/5/2016,Thu,"15,010",11.10,4.33,1.29,5.48,0.00,53,23,317,1047,1440,"2,933",0,0,0
70077441715/6/2016,7007744171,5/6/2016,Fri,"11,459",7.67,3.00,0.81,3.86,0.00,44,13,247,1136,1440,"2,553",0,0,0
70863619264/12/2016,7086361926,4/12/2016,Tue,"11,317",8.41,5.27,0.15,2.97,0.00,59,6,153,745,963,"2,772",1,514,525
70863619264/13/2016,7086361926,4/13/2016,Wed,"5,813",3.62,0.56,0.21,2.84,0.00,31,26,155,744,956,"2,516",1,451,465
70863619264/14/2016,7086361926,4/14/2016,Thu,"9,123",6.12,2.03,0.33,3.66,0.00,35,32,189,787,1043,"2,734",1,472,476
70863619264/15/2016,7086361926,4/15/2016,Fri,"8,585",5.67,2.04,1.11,2.53,0.00,30,21,139,864,1054,"2,395",1,377,386
70863619264/16/2016,7086361926,4/16/2016,Sat,31,0.01,0.00,0.00,0.01,0.00,0,0,3,1437,1440,"1,635",0,0,0
70863619264/18/2016,7086361926,4/18/2016,Mon,"9,827",6.71,3.17,1.22,2.31,0.00,61,51,114,1136,1362,"2,743",0,0,0
70863619264/19/2016,7086361926,4/19/2016,Tue,"10,688",7.29,3.53,1.23,2.51,0.00,67,69,124,671,931,"2,944",1,472,483
70863619264/20/2016,7086361926,4/20/2016,Wed,"14,365",10.64,7.64,0.45,2.54,0.00,87,13,145,797,1042,"2,997",1,492,502
70863619264/21/2016,7086361926,4/21/2016,Thu,"9,469",6.18,1.36,0.30,4.51,0.00,19,6,206,758,989,"2,463",1,390,411
70863619264/22/2016,7086361926,4/22/2016,Fri,"9,753",6.53,2.87,0.97,2.67,0.00,58,59,153,762,1032,"2,846",1,428,448
70863619264/23/2016,7086361926,4/23/2016,Sat,"2,817",1.81,0.00,0.00,1.80,0.00,0,0,90,1350,1440,"1,965",0,0,0
70863619264/24/2016,7086361926,4/24/2016,Sun,"3,520",2.16,0.00,0.00,2.15,0.00,0,0,125,566,691,"2,049",1,681,704
70863619264/25/2016,7086361926,4/25/2016,Mon,"10,091",6.82,3.75,0.70,2.37,0.00,69,39,129,706,943,"2,752",1,446,447
70863619264/26/2016,7086361926,4/26/2016,Tue,"10,387",7.07,4.16,0.77,2.12,0.00,70,33,132,726,961,"2,781",1,485,500
70863619264/27/2016,7086361926,4/27/2016,Wed,"11,107",8.34,5.63,0.18,2.53,0.00,55,6,145,829,1035,"2,693",1,469,479
70863619264/28/2016,7086361926,4/28/2016,Thu,"11,584",7.80,2.79,1.64,3.36,0.00,54,48,161,810,1073,"2,862",1,354,367
70863619264/29/2016,7086361926,4/29/2016,Fri,"7,881",4.95,0.49,0.45,4.00,0.00,24,36,182,1198,1440,"2,616",0,0,0
70863619264/30/2016,7086361926,4/30/2016,Sat,"14,560",9.41,3.12,1.04,5.24,0.00,42,17,308,584,951,"2,995",1,485,489
70863619265/1/2016,7086361926,5/1/2016,Sun,"12,390",8.07,2.30,0.90,4.85,0.00,30,15,258,685,988,"2,730",1,388,407
70863619265/2/2016,7086361926,5/2/2016,Mon,"10,052",6.81,3.48,0.66,2.66,0.00,66,26,139,737,968,"2,754",1,440,459
70863619265/3/2016,7086361926,5/3/2016,Tue,"10,288",6.76,2.74,0.85,3.16,0.00,57,36,152,761,1006,"2,754",1,456,461
70863619265/4/2016,7086361926,5/4/2016,Wed,"10,988",8.31,5.28,0.12,2.90,0.00,45,12,135,843,1035,"2,655",1,420,436
70863619265/5/2016,7086361926,5/5/2016,Thu,"8,564",5.60,1.78,0.83,2.95,0.00,24,14,149,1253,1440,"2,386",0,0,0
70863619265/6/2016,7086361926,5/6/2016,Fri,"12,461",8.38,3.82,1.43,3.12,0.00,84,35,154,834,1107,"2,924",1,322,333
70863619265/7/2016,7086361926,5/7/2016,Sat,"12,827",8.48,1.46,2.33,4.68,0.00,20,42,209,621,892,"2,739",1,530,548
70863619265/8/2016,7086361926,5/8/2016,Sun,"10,677",7.10,2.31,1.53,3.25,0.00,32,27,147,695,901,"2,534",1,481,510
70863619265/9/2016,7086361926,5/9/2016,Mon,"13,566",9.11,4.26,1.71,3.12,0.00,67,50,171,743,1031,"2,960",1,427,438
70863619265/10/2016,7086361926,5/10/2016,Tue,"14,433",10.79,7.11,1.20,2.45,0.00,72,23,106,1182,1383,"2,800",0,0,0
70863619265/11/2016,7086361926,5/11/2016,Wed,"9,572",6.52,2.89,1.39,2.23,0.00,57,40,128,757,982,"2,735",1,451,463
70863619265/12/2016,7086361926,5/12/2016,Thu,"3,789",2.56,0.38,0.27,1.89,0.00,5,4,58,343,410,"1,199",1,444,457
80534753284/12/2016,8053475328,4/12/2016,Tue,"18,060",14.12,11.64,0.39,2.10,0.00,116,8,123,1193,1440,"3,186",0,0,0
80534753284/13/2016,8053475328,4/13/2016,Wed,"16,433",13.35,10.43,0.47,2.45,0.00,95,12,156,1177,1440,"3,140",0,0,0
80534753284/14/2016,8053475328,4/14/2016,Thu,"20,159",15.97,12.34,0.21,3.36,0.00,119,5,193,1123,1440,"3,411",0,0,0
80534753284/15/2016,8053475328,4/15/2016,Fri,"20,669",16.24,13.26,0.39,2.59,0.00,132,8,158,1142,1440,"3,410",0,0,0
80534753284/16/2016,8053475328,4/16/2016,Sat,"14,549",11.11,9.36,0.27,1.49,0.00,96,6,83,1255,1440,"2,867",0,0,0
80534753284/17/2016,8053475328,4/17/2016,Sun,"18,827",13.69,9.24,0.80,3.64,0.00,111,21,195,1113,1440,"3,213",0,0,0
80534753284/18/2016,8053475328,4/18/2016,Mon,"17,076",12.66,9.08,0.23,3.35,0.00,102,6,195,1137,1440,"3,133",0,0,0
80534753284/19/2016,8053475328,4/19/2016,Tue,"15,929",12.48,9.22,0.31,2.95,0.00,90,7,191,1152,1440,"3,114",0,0,0
80534753284/20/2016,8053475328,4/20/2016,Wed,"15,108",12.19,9.58,0.23,2.38,0.00,89,5,158,695,947,"3,043",1,486,493
80534753284/21/2016,8053475328,4/21/2016,Thu,"16,057",12.51,9.67,0.25,2.58,0.00,100,6,170,1164,1440,"3,103",0,0,0
80534753284/22/2016,8053475328,4/22/2016,Fri,"10,520",8.29,6.26,0.15,1.88,0.00,60,3,117,1260,1440,"2,655",0,0,0
80534753284/23/2016,8053475328,4/23/2016,Sat,"22,359",17.19,12.54,0.63,4.02,0.00,125,14,223,741,1103,"3,554",1,331,337
80534753284/24/2016,8053475328,4/24/2016,Sun,"22,988",17.95,13.13,1.55,3.26,0.00,129,33,182,1096,1440,"3,577",0,0,0
80534753284/25/2016,8053475328,4/25/2016,Mon,"20,500",15.69,11.37,0.46,3.86,0.00,118,9,209,1104,1440,"3,403",0,0,0
80534753284/26/2016,8053475328,4/26/2016,Tue,"12,685",9.62,6.31,0.20,3.10,0.00,68,5,185,1182,1440,"2,846",0,0,0
80534753284/27/2016,8053475328,4/27/2016,Wed,"12,422",9.82,6.46,0.43,2.93,0.00,60,10,183,1187,1440,"2,852",0,0,0
80534753284/28/2016,8053475328,4/28/2016,Thu,"15,447",12.40,9.67,0.39,2.35,0.00,90,9,153,1188,1440,"3,062",0,0,0
80534753284/29/2016,8053475328,4/29/2016,Fri,"12,315",9.65,6.17,0.31,3.17,0.00,58,8,159,1215,1440,"2,794",0,0,0
80534753284/30/2016,8053475328,4/30/2016,Sat,"7,135",5.59,2.99,0.06,2.54,0.00,27,1,131,1281,1440,"2,408",0,0,0
80534753285/1/2016,8053475328,5/1/2016,Sun,"1,170",0.85,0.00,0.00,0.85,0.00,0,0,51,1389,1440,"1,886",0,0,0
80534753285/2/2016,8053475328,5/2/2016,Mon,"1,969",1.43,0.00,0.00,1.43,0.00,0,0,95,1345,1440,"1,988",0,0,0
80534753285/3/2016,8053475328,5/3/2016,Tue,"15,484",11.90,8.39,0.93,2.59,0.00,87,22,165,1166,1440,"3,023",0,0,0
80534753285/4/2016,8053475328,5/4/2016,Wed,"14,581",11.15,8.82,0.40,1.91,0.00,89,8,123,1220,1440,"2,918",0,0,0
80534753285/5/2016,8053475328,5/5/2016,Thu,"14,990",11.51,8.85,0.45,2.21,0.00,93,9,130,1208,1440,"2,950",0,0,0
80534753285/6/2016,8053475328,5/6/2016,Fri,"13,953",11.00,9.10,0.69,1.21,0.00,90,15,90,1245,1440,"2,859",0,0,0
80534753285/7/2016,8053475328,5/7/2016,Sat,"19,769",15.67,12.44,0.88,2.35,0.00,121,20,148,1076,1365,"3,331",1,74,75
80534753285/8/2016,8053475328,5/8/2016,Sun,"22,026",17.65,13.40,0.59,3.66,0.00,125,14,228,1073,1440,"3,589",0,0,0
80534753285/9/2016,8053475328,5/9/2016,Mon,"12,465",9.38,6.12,0.57,2.69,0.00,66,12,148,1214,1440,"2,765",0,0,0
80534753285/10/2016,8053475328,5/10/2016,Tue,"14,810",11.36,9.09,0.42,1.85,0.00,96,10,115,1219,1440,"2,926",0,0,0
80534753285/11/2016,8053475328,5/11/2016,Wed,"12,209",9.40,6.08,0.28,3.04,0.00,60,7,184,1189,1440,"2,809",0,0,0
80534753285/12/2016,8053475328,5/12/2016,Thu,"4,998",3.91,2.95,0.20,0.76,0.00,28,4,39,839,910,"1,505",0,0,0
82532428794/12/2016,8253242879,4/12/2016,Tue,"9,033",7.16,5.43,0.14,1.59,0.00,40,2,154,1244,1440,"2,044",0,0,0
82532428794/13/2016,8253242879,4/13/2016,Wed,"8,053",6.10,4.17,0.63,1.31,0.00,35,11,96,1298,1440,"1,935",0,0,0
82532428794/14/2016,8253242879,4/14/2016,Thu,"5,234",3.46,1.93,0.99,0.54,0.00,29,16,33,1362,1440,"1,705",0,0,0
82532428794/15/2016,8253242879,4/15/2016,Fri,"2,672",1.77,0.00,0.00,1.76,0.00,0,0,105,1335,1440,"1,632",0,0,0
82532428794/16/2016,8253242879,4/16/2016,Sat,"9,256",6.14,0.43,3.27,2.45,0.00,6,51,115,1268,1440,"1,880",0,0,0
82532428794/17/2016,8253242879,4/17/2016,Sun,"10,204",7.91,5.43,0.15,2.33,0.00,41,5,157,1237,1440,"2,112",0,0,0
82532428794/18/2016,8253242879,4/18/2016,Mon,"5,151",3.48,1.04,0.63,1.80,0.00,16,16,130,1278,1440,"1,829",0,0,0
82532428794/19/2016,8253242879,4/19/2016,Tue,"4,212",2.78,0.00,0.00,2.78,0.00,0,0,164,1276,1440,"1,763",0,0,0
82532428794/20/2016,8253242879,4/20/2016,Wed,"6,466",4.27,0.33,0.82,3.11,0.01,5,18,216,1201,1440,"1,931",0,0,0
82532428794/21/2016,8253242879,4/21/2016,Thu,"11,268",8.56,5.88,0.93,1.75,0.00,49,20,172,1199,1440,"2,218",0,0,0
82532428794/22/2016,8253242879,4/22/2016,Fri,"2,824",1.87,0.00,0.00,1.87,0.00,0,0,120,1320,1440,"1,651",0,0,0
82532428794/23/2016,8253242879,4/23/2016,Sat,"9,282",6.26,2.09,1.04,3.13,0.00,30,26,191,1193,1440,"2,132",0,0,0
82532428794/24/2016,8253242879,4/24/2016,Sun,"8,905",7.13,5.60,0.19,1.34,0.00,41,4,82,1313,1440,"1,976",0,0,0
82532428794/25/2016,8253242879,4/25/2016,Mon,"6,829",4.51,0.36,2.39,1.77,0.00,7,54,118,1261,1440,"1,909",0,0,0
82532428794/26/2016,8253242879,4/26/2016,Tue,"4,562",3.04,1.18,0.49,1.37,0.00,19,14,108,1299,1440,"1,813",0,0,0
82532428794/27/2016,8253242879,4/27/2016,Wed,"10,232",8.18,6.24,0.23,1.70,0.00,45,5,104,1286,1440,"2,008",0,0,0
82532428794/28/2016,8253242879,4/28/2016,Thu,"2,718",1.80,0.67,0.78,0.34,0.00,11,16,20,1393,1440,"1,580",0,0,0
82532428794/29/2016,8253242879,4/29/2016,Fri,"6,260",4.26,1.29,0.54,2.40,0.00,16,14,136,1257,1423,"1,854",0,0,0
83785632004/12/2016,8378563200,4/12/2016,Tue,"7,626",6.05,0.83,0.71,4.50,0.00,65,15,156,723,959,"3,635",1,338,356
83785632004/13/2016,8378563200,4/13/2016,Wed,"12,386",9.82,4.96,0.65,4.21,0.00,116,14,169,680,979,"4,079",2,447,487
83785632004/14/2016,8378563200,4/14/2016,Thu,"13,318",10.56,5.62,1.03,3.91,0.00,123,21,174,699,1017,"4,163",1,424,455
83785632004/15/2016,8378563200,4/15/2016,Fri,"14,461",11.47,4.91,1.15,5.41,0.00,60,23,190,729,1002,"3,666",1,513,533
83785632004/16/2016,8378563200,4/16/2016,Sat,"11,207",8.89,5.37,1.07,2.44,0.00,64,21,142,563,790,"3,363",2,611,689
83785632004/17/2016,8378563200,4/17/2016,Sun,"2,132",1.69,0.00,0.00,1.69,0.00,0,0,93,599,692,"2,572",2,525,591
83785632004/18/2016,8378563200,4/18/2016,Mon,"13,630",10.81,5.05,0.56,5.20,0.00,117,10,174,720,1021,"4,157",1,398,451
83785632004/19/2016,8378563200,4/19/2016,Tue,"13,070",10.36,5.30,0.88,4.18,0.00,120,19,154,737,1030,"4,092",1,387,421
83785632004/20/2016,8378563200,4/20/2016,Wed,"9,388",7.44,2.23,0.44,4.78,0.00,82,8,169,763,1022,"3,787",1,381,409
83785632004/21/2016,8378563200,4/21/2016,Thu,"15,148",12.01,6.90,0.82,4.29,0.00,137,16,145,677,975,"4,236",1,396,417
83785632004/22/2016,8378563200,4/22/2016,Fri,"12,200",9.67,4.91,0.59,4.18,0.00,113,12,159,769,1053,"4,044",1,441,469
83785632004/23/2016,8378563200,4/23/2016,Sat,"5,709",4.53,1.52,0.52,2.48,0.00,19,10,136,740,905,"2,908",1,565,591
83785632004/24/2016,8378563200,4/24/2016,Sun,"3,703",2.94,0.00,0.00,2.94,0.00,0,0,135,734,869,"2,741",1,458,492
83785632004/25/2016,8378563200,4/25/2016,Mon,"12,405",9.84,5.05,0.87,3.92,0.00,117,16,141,692,966,"4,005",1,388,402
83785632004/26/2016,8378563200,4/26/2016,Tue,"16,208",12.85,7.51,0.92,4.42,0.00,90,18,161,593,862,"3,763",1,550,584
83785632004/27/2016,8378563200,4/27/2016,Wed,"7,359",5.84,0.33,0.18,5.33,0.00,4,4,192,676,876,"3,061",1,531,600
83785632004/28/2016,8378563200,4/28/2016,Thu,"5,417",4.30,0.90,0.49,2.91,0.00,11,10,139,711,871,"2,884",1,506,556
83785632004/29/2016,8378563200,4/29/2016,Fri,"6,175",4.90,0.25,0.36,4.27,0.00,3,7,172,767,949,"2,982",1,527,562
83785632004/30/2016,8378563200,4/30/2016,Sat,"2,946",2.34,0.00,0.00,2.34,0.00,0,0,121,780,901,"2,660",1,468,555
83785632005/1/2016,8378563200,5/1/2016,Sun,"11,419",9.06,6.03,0.56,2.47,0.00,71,10,127,669,877,"3,369",1,475,539
83785632005/2/2016,8378563200,5/2/2016,Mon,"6,064",4.81,0.63,0.17,4.01,0.00,63,4,142,802,1011,"3,491",1,351,385
83785632005/3/2016,8378563200,5/3/2016,Tue,"8,712",6.91,1.34,1.06,4.50,0.00,71,20,195,822,1108,"3,784",1,405,429
83785632005/4/2016,8378563200,5/4/2016,Wed,"7,875",6.24,1.56,0.49,4.20,0.00,19,10,167,680,876,"3,110",1,441,477
83785632005/5/2016,8378563200,5/5/2016,Thu,"8,567",6.79,0.89,0.16,5.74,0.00,66,3,214,764,1047,"3,783",1,381,417
83785632005/6/2016,8378563200,5/6/2016,Fri,"7,045",5.59,1.55,0.25,3.78,0.00,74,5,166,831,1076,"3,644",1,323,355
83785632005/7/2016,8378563200,5/7/2016,Sat,"4,468",3.54,0.00,0.00,3.54,0.00,0,0,158,851,1009,"2,799",2,459,513
83785632005/8/2016,8378563200,5/8/2016,Sun,"2,943",2.33,0.00,0.00,2.33,0.00,0,0,139,621,760,"2,685",1,545,606
83785632005/9/2016,8378563200,5/9/2016,Mon,"8,382",6.65,1.27,0.66,4.72,0.00,71,13,171,772,1027,"3,721",1,359,399
83785632005/10/2016,8378563200,5/10/2016,Tue,"6,582",5.22,0.66,0.64,3.92,0.00,63,13,152,840,1068,"3,586",1,342,391
83785632005/11/2016,8378563200,5/11/2016,Wed,"9,143",7.25,1.39,0.59,5.27,0.00,72,10,184,763,1029,"3,788",1,368,387
83785632005/12/2016,8378563200,5/12/2016,Thu,"4,561",3.62,0.65,0.27,2.69,0.00,8,6,102,433,549,"1,976",1,496,546
85838150594/12/2016,8583815059,4/12/2016,Tue,"5,014",3.91,0.00,0.33,3.58,0.00,0,7,196,1237,1440,"2,650",0,0,0
85838150594/13/2016,8583815059,4/13/2016,Wed,"5,571",4.35,0.15,0.97,3.23,0.00,2,23,163,1252,1440,"2,654",0,0,0
85838150594/14/2016,8583815059,4/14/2016,Thu,"3,135",2.45,0.00,0.00,2.43,0.00,0,0,134,1306,1440,"2,443",0,0,0
85838150594/15/2016,8583815059,4/15/2016,Fri,"3,430",2.68,0.00,0.00,0.90,0.00,0,0,65,1375,1440,"2,505",0,0,0
85838150594/18/2016,8583815059,4/18/2016,Mon,"3,864",3.01,0.31,1.06,1.35,0.00,4,22,105,1309,1440,"2,536",0,0,0
85838150594/19/2016,8583815059,4/19/2016,Tue,"5,697",4.44,0.53,0.48,3.44,0.00,7,10,166,1257,1440,"2,668",0,0,0
85838150594/20/2016,8583815059,4/20/2016,Wed,"5,273",4.11,0.00,1.04,3.07,0.00,0,27,167,1246,1440,"2,647",0,0,0
85838150594/21/2016,8583815059,4/21/2016,Thu,"8,538",6.66,2.63,1.02,3.01,0.00,35,18,158,1229,1440,"2,883",0,0,0
85838150594/22/2016,8583815059,4/22/2016,Fri,"8,687",6.78,0.29,2.41,4.08,0.00,4,54,212,1170,1440,"2,944",0,0,0
85838150594/23/2016,8583815059,4/23/2016,Sat,"9,423",7.35,0.53,2.03,4.75,0.00,7,44,238,1151,1440,"3,012",0,0,0
85838150594/24/2016,8583815059,4/24/2016,Sun,"8,286",6.46,0.15,2.05,4.27,0.00,2,44,206,1188,1440,"2,889",0,0,0
85838150594/25/2016,8583815059,4/25/2016,Mon,"4,503",3.51,1.47,0.24,1.81,0.00,18,6,122,1294,1440,"2,547",0,0,0
85838150594/26/2016,8583815059,4/26/2016,Tue,"10,499",8.19,0.07,4.22,3.89,0.00,1,91,214,1134,1440,"3,093",0,0,0
85838150594/27/2016,8583815059,4/27/2016,Wed,"12,474",9.73,6.60,0.27,2.87,0.00,77,5,129,1229,1440,"3,142",0,0,0
85838150594/28/2016,8583815059,4/28/2016,Thu,"6,174",4.82,0.00,1.20,3.61,0.00,0,28,203,1209,1440,"2,757",0,0,0
85838150594/29/2016,8583815059,4/29/2016,Fri,"15,168",11.83,3.90,3.00,4.92,0.00,46,67,258,1069,1440,"3,513",0,0,0
85838150594/30/2016,8583815059,4/30/2016,Sat,"10,085",7.87,0.15,1.28,6.43,0.00,2,28,317,1093,1440,"3,164",0,0,0
85838150595/1/2016,8583815059,5/1/2016,Sun,"4,512",3.52,0.78,0.12,2.04,0.00,10,2,117,1311,1440,"2,596",0,0,0
85838150595/5/2016,8583815059,5/5/2016,Thu,"12,427",9.69,0.00,0.00,1.18,0.00,0,0,70,1370,1440,"3,266",0,0,0
85838150595/6/2016,8583815059,5/6/2016,Fri,"5,843",4.56,0.14,1.19,3.23,0.00,2,22,166,1250,1440,"2,683",0,0,0
85838150595/7/2016,8583815059,5/7/2016,Sat,"6,117",4.77,0.00,0.00,4.77,0.00,0,0,250,1190,1440,"2,810",0,0,0
85838150595/8/2016,8583815059,5/8/2016,Sun,"9,217",7.19,0.22,3.31,3.66,0.00,3,72,182,1183,1440,"2,940",0,0,0
85838150595/9/2016,8583815059,5/9/2016,Mon,"9,877",7.70,5.76,0.17,1.73,0.00,66,4,110,1260,1440,"2,947",0,0,0
85838150595/10/2016,8583815059,5/10/2016,Tue,"8,240",6.43,0.69,2.01,3.72,0.00,9,43,162,1226,1440,"2,846",0,0,0
85838150595/11/2016,8583815059,5/11/2016,Wed,"8,701",6.79,0.37,3.24,3.17,0.00,5,71,177,1106,1359,"2,804",0,0,0
87920096654/12/2016,8792009665,4/12/2016,Tue,"2,564",1.64,0.00,0.00,1.64,0.00,0,0,116,831,947,"2,044",1,458,493
87920096654/13/2016,8792009665,4/13/2016,Wed,"1,320",0.84,0.00,0.00,0.84,0.00,0,0,82,806,888,"1,934",1,531,552
87920096654/14/2016,8792009665,4/14/2016,Thu,"1,219",0.78,0.00,0.00,0.78,0.00,0,0,84,853,937,"1,963",1,486,503
87920096654/15/2016,8792009665,4/15/2016,Fri,"2,483",1.59,0.00,0.00,1.59,0.00,0,0,126,937,1063,"2,009",1,363,377
87920096654/16/2016,8792009665,4/16/2016,Sat,244,0.16,0.00,0.00,0.16,0.00,0,0,12,1428,1440,"1,721",0,0,0
87920096654/20/2016,8792009665,4/20/2016,Wed,"3,147",2.01,0.00,0.28,1.74,0.00,0,10,139,744,893,"2,188",1,528,547
87920096654/21/2016,8792009665,4/21/2016,Thu,144,0.09,0.00,0.00,0.09,0.00,0,0,9,1431,1440,"1,720",0,0,0
87920096654/22/2016,8792009665,4/22/2016,Fri,"4,068",2.60,0.05,0.28,2.27,0.00,1,20,195,817,1033,"2,419",1,391,407
87920096654/23/2016,8792009665,4/23/2016,Sat,"5,245",3.36,0.16,0.44,2.75,0.00,8,45,232,795,1080,"2,748",1,339,360
87920096654/24/2016,8792009665,4/24/2016,Sun,400,0.26,0.04,0.05,0.16,0.00,3,8,19,1410,1440,"1,799",0,0,0
87920096654/26/2016,8792009665,4/26/2016,Tue,"1,321",0.85,0.00,0.00,0.85,0.00,0,0,80,1360,1440,"1,928",0,0,0
87920096654/27/2016,8792009665,4/27/2016,Wed,"1,758",1.13,0.00,0.00,1.13,0.00,0,0,112,900,1012,"2,067",1,423,428
87920096654/28/2016,8792009665,4/28/2016,Thu,"6,157",3.94,0.00,0.00,3.94,0.00,0,0,310,714,1024,"2,780",1,402,416
87920096654/29/2016,8792009665,4/29/2016,Fri,"8,360",5.35,0.14,0.28,4.93,0.00,6,14,380,634,1034,"3,101",1,398,406
87920096654/30/2016,8792009665,4/30/2016,Sat,"7,174",4.59,0.33,0.36,3.91,0.00,10,20,301,749,1080,"2,896",1,343,360
87920096655/1/2016,8792009665,5/1/2016,Sun,"1,619",1.04,0.00,0.00,1.04,0.00,0,0,79,834,913,"1,962",1,503,527
87920096655/2/2016,8792009665,5/2/2016,Mon,"1,831",1.17,0.00,0.00,1.17,0.00,0,0,101,916,1017,"2,015",1,415,423
87920096655/3/2016,8792009665,5/3/2016,Tue,"2,421",1.55,0.00,0.00,1.55,0.00,0,0,156,739,895,"2,297",1,516,545
87920096655/4/2016,8792009665,5/4/2016,Wed,"2,283",1.46,0.00,0.00,1.46,0.00,0,0,129,848,977,"2,067",1,439,463
88776893914/12/2016,8877689391,4/12/2016,Tue,"23,186",20.40,12.22,0.34,7.82,0.00,85,7,312,1036,1440,"3,921",0,0,0
88776893914/13/2016,8877689391,4/13/2016,Wed,"15,337",9.58,3.55,0.38,5.64,0.00,108,18,216,1098,1440,"3,566",0,0,0
88776893914/14/2016,8877689391,4/14/2016,Thu,"21,129",18.98,10.55,0.59,7.75,0.02,68,13,298,1061,1440,"3,793",0,0,0
88776893914/15/2016,8877689391,4/15/2016,Fri,"13,422",7.17,0.05,0.05,7.01,0.01,106,1,281,1052,1440,"3,934",0,0,0
88776893914/16/2016,8877689391,4/16/2016,Sat,"29,326",25.29,13.24,1.21,10.71,0.00,94,29,429,888,1440,"4,547",0,0,0
88776893914/17/2016,8877689391,4/17/2016,Sun,"15,118",8.87,0.00,0.07,8.79,0.00,58,15,307,1060,1440,"3,545",0,0,0
88776893914/18/2016,8877689391,4/18/2016,Mon,"11,423",8.67,2.44,0.27,5.94,0.00,29,5,191,1215,1440,"2,761",0,0,0
88776893914/19/2016,8877689391,4/19/2016,Tue,"18,785",17.40,12.15,0.18,5.03,0.00,82,13,214,1131,1440,"3,676",0,0,0
88776893914/20/2016,8877689391,4/20/2016,Wed,"19,948",18.11,11.02,0.69,6.34,0.00,73,19,225,1123,1440,"3,679",0,0,0
88776893914/21/2016,8877689391,4/21/2016,Thu,"19,377",17.62,12.29,0.42,4.89,0.00,82,13,226,1119,1440,"3,659",0,0,0
88776893914/22/2016,8877689391,4/22/2016,Fri,"18,258",16.31,10.23,0.03,5.97,0.05,61,2,236,1141,1440,"3,427",0,0,0
88776893914/23/2016,8877689391,4/23/2016,Sat,"11,200",7.43,0.00,0.00,7.40,0.01,102,6,300,1032,1440,"3,891",0,0,0
88776893914/24/2016,8877689391,4/24/2016,Sun,"16,674",15.74,11.01,0.01,4.69,0.00,64,1,227,1148,1440,"3,455",0,0,0
88776893914/25/2016,8877689391,4/25/2016,Mon,"12,986",8.74,2.37,0.07,6.27,0.01,113,8,218,1101,1440,"3,802",0,0,0
88776893914/26/2016,8877689391,4/26/2016,Tue,"11,101",8.43,1.76,0.13,6.50,0.00,22,3,258,1157,1440,"2,860",0,0,0
88776893914/27/2016,8877689391,4/27/2016,Wed,"23,629",20.65,13.07,0.44,7.10,0.00,93,8,235,1104,1440,"3,808",0,0,0
88776893914/28/2016,8877689391,4/28/2016,Thu,"14,890",11.30,4.93,0.38,5.97,0.00,58,8,231,1143,1440,"3,060",0,0,0
88776893914/29/2016,8877689391,4/29/2016,Fri,"9,733",7.39,1.38,0.17,5.79,0.00,18,5,210,1207,1440,"2,698",0,0,0
88776893914/30/2016,8877689391,4/30/2016,Sat,"27,745",26.72,21.66,0.08,4.93,0.00,124,4,223,1089,1440,"4,398",0,0,0
88776893915/1/2016,8877689391,5/1/2016,Sun,"10,930",8.32,3.13,0.57,4.57,0.00,36,12,166,1226,1440,"2,786",0,0,0
88776893915/2/2016,8877689391,5/2/2016,Mon,"4,790",3.64,0.00,0.00,3.56,0.00,0,0,105,1335,1440,"2,189",0,0,0
88776893915/3/2016,8877689391,5/3/2016,Tue,"10,818",8.21,1.39,0.10,6.67,0.01,19,3,229,1189,1440,"2,817",0,0,0
88776893915/4/2016,8877689391,5/4/2016,Wed,"18,193",16.30,10.42,0.31,5.53,0.00,66,8,212,1154,1440,"3,477",0,0,0
88776893915/5/2016,8877689391,5/5/2016,Thu,"14,055",10.67,5.46,0.82,4.37,0.00,67,15,188,1170,1440,"3,052",0,0,0
88776893915/6/2016,8877689391,5/6/2016,Fri,"21,727",19.34,12.79,0.29,6.16,0.00,96,17,232,1095,1440,"4,015",0,0,0
88776893915/7/2016,8877689391,5/7/2016,Sat,"12,332",8.13,0.08,0.96,6.99,0.00,105,28,271,1036,1440,"4,142",0,0,0
88776893915/8/2016,8877689391,5/8/2016,Sun,"10,686",8.11,1.08,0.20,6.80,0.00,17,4,245,1174,1440,"2,847",0,0,0
88776893915/9/2016,8877689391,5/9/2016,Mon,"20,226",18.25,11.10,0.80,6.24,0.05,73,19,217,1131,1440,"3,710",0,0,0
88776893915/10/2016,8877689391,5/10/2016,Tue,"10,733",8.15,1.35,0.46,6.28,0.00,18,11,224,1187,1440,"2,832",0,0,0
88776893915/11/2016,8877689391,5/11/2016,Wed,"21,420",19.56,13.22,0.41,5.89,0.00,88,12,213,1127,1440,"3,832",0,0,0
88776893915/12/2016,8877689391,5/12/2016,Thu,"8,064",6.12,1.82,0.04,4.25,0.00,23,1,137,770,931,"1,849",0,0,0